Name,Phone,Rating,Address,Street.Address,City,Categories,Review.Count,Latitude,Longitude,Reviews,source,Authenticity,Restaurant,chain,Bubble Tea_ind,Coffee & Tea_ind,Juice Bars & Smoothies_ind,Taiwanese_ind,Tea Rooms_ind,Desserts_ind,Ice Cream & Frozen Yogurt_ind,Shaved Ice_ind,Donuts_ind,Asian Fusion_ind,Vietnamese_ind,Cafes_ind,Bakeries_ind,Ramen_ind,Arcades_ind,Chicken Wings_ind,Sandwiches_ind,Japanese_ind,Waffles_ind,Sushi Bars_ind,Custom Cakes_ind,Dim Sum_ind,Hong Kong Style Cafe_ind,Creperies_ind,Chinese_ind,International Grocery_ind
OMTea Boba & Bites,19198098493,4.5,"3901 Capital Blvd, Raleigh, NC 27604",3901 Capital Blvd,Raleigh,"Bubble Tea, Coffee & Tea, Juice Bars & Smoothies",57,35.835,-78.5851,"[""My mom loves boba and has been trying to make me love for it for years. I don't like the jelly feel of it. This time she ordered me a mango smoothie with..."", ""I ordered an iced honeydew milk tea with boba and it was delicious! Cute little shop and I can't wait to try the popcorn chickens, they looked so good! Ppl..."", 'I have been craving Matcha boba tea and decided to order delivery from OMTea for lunch. This place is excellent. They offer so many lactose and dairy free...']",raleigh_boba,FALSE,FALSE,FALSE,TRUE,TRUE,TRUE,FALSE,FALSE,FALSE,FALSE,FALSE,FALSE,FALSE,FALSE,FALSE,FALSE,FALSE,FALSE,FALSE,FALSE,FALSE,FALSE,FALSE,FALSE,FALSE,FALSE,FALSE,FALSE,FALSE
Moge Tee - Raleigh,19842009008,4.5,"2304 Hillsborough St, #100, Raleigh, NC 27607",2304 Hillsborough St,Raleigh,Bubble Tea,90,35.78758,-78.66618,"[""One of the best boba I've had in the east! Chewy and fresh. The tea is fragrant too, tho I wish it was stronger in taste.\n\nThe menu is soooo extensive, and..."", ""This is by far my favorite tea house in Raleigh. I've been on a bit of a boba tea kick and have visited so many recently but I keep going back to Moge. \nI..."", ""Out of all the bubble tea chains we've tried in the Triangle (e.g., Cha House, Quickly), Moge Tee has been the best and most consistent in terms of quality...""]",raleigh_boba,TRUE,FALSE,TRUE,TRUE,FALSE,FALSE,FALSE,FALSE,FALSE,FALSE,FALSE,FALSE,FALSE,FALSE,FALSE,FALSE,FALSE,FALSE,FALSE,FALSE,FALSE,FALSE,FALSE,FALSE,FALSE,FALSE,FALSE,FALSE,FALSE
Cha House - Raleigh,19195941980,4.5,"3001 Hillsborough St, Ste 108, Raleigh, NC 27607",3001 Hillsborough St,Raleigh,"Bubble Tea, Taiwanese, Coffee & Tea",86,35.78926,-78.67615,"[""Such a cute and clean place, it's well decorated and inviting with a friendly staff, and solid menu. Enough boba options to chose from, and even vegetarian..."", 'I enjoy coming here for lunch. I always get the tofu rice plate and a bubble tea. The plate comes with a boiled egg and steamed broccoli. It feels healthy...', 'Cha House was hit or miss.\n\nPros:\n* Easy online ordering. Phone-friendly user interface.\n* Oolong Classic Milk Tea and Lychee Fruit Tea were good.\n* Pudding...']",raleigh_boba,TRUE,FALSE,TRUE,TRUE,TRUE,FALSE,TRUE,FALSE,FALSE,FALSE,FALSE,FALSE,FALSE,FALSE,FALSE,FALSE,FALSE,FALSE,FALSE,FALSE,FALSE,FALSE,FALSE,FALSE,FALSE,FALSE,FALSE,FALSE,FALSE
Boba Baba,19844650302,4.5,"12102 Bradford Green Sq, Cary, NC 27513",12102 Bradford Green Sq,Cary,"Tea Rooms, Bubble Tea, Desserts",260,35.793695,-78.84598583,"['My go to boba place in the Triangle! Boba is great, the flavors in their drinks are creative and genuine. They are also my go to spot for mochi donuts - my...', 'If you are expecting pure unadulterated matcha and are used to that then you will be disappointed.\nThis Matcha latte with almond milk and 25% sweet was...', ""I heard so much about this place for boba and cream puffs, and was eager to pay it a visit. Unfortunately, I don't think I ordered well and will have to...""]",raleigh_boba,TRUE,FALSE,FALSE,TRUE,FALSE,FALSE,FALSE,TRUE,TRUE,FALSE,FALSE,FALSE,FALSE,FALSE,FALSE,FALSE,FALSE,FALSE,FALSE,FALSE,FALSE,FALSE,FALSE,FALSE,FALSE,FALSE,FALSE,FALSE,FALSE
Champloo Desserts,19196278628,4.5,"8320 Litchford Rd, Ste 150, Raleigh, NC 27604",8320 Litchford Rd,Raleigh,"Desserts, Bubble Tea, Ice Cream & Frozen Yogurt",50,35.89287548,-78.60017194,"[""As soon as you walked in they welcomed you; it's a small cute place; the menu is a big variety and atmosphere is amazing.  Panda themed and great for pics..."", 'What a fun spot! After seeing the photos on Yelp, I knew I had to head in with my son. We went on a Saturday early afternoon and they got busy quickly. The...', 'We were walking around the mall after dinner and found this place. My hubby had some room so we split a birthday themed dessert.  I loved the whole...']",raleigh_boba,TRUE,FALSE,FALSE,TRUE,FALSE,FALSE,FALSE,FALSE,TRUE,TRUE,FALSE,FALSE,FALSE,FALSE,FALSE,FALSE,FALSE,FALSE,FALSE,FALSE,FALSE,FALSE,FALSE,FALSE,FALSE,FALSE,FALSE,FALSE,FALSE
Feng Cha,NA,4.5,"3037 Village Market Pl, Morrisville, NC 27560",3037 Village Market Pl,Morrisville,Bubble Tea,67,35.807003,-78.8180145,"[""I'll start off by saying it's huge. It looked very small from outside but it has plenty of sitting and beautifully decorated. \nI had a hard time making my..."", 'This is by far my FAVORITE bubble tea store in the Triangle. The fruit teas and class milk teas have this aromatic tea flavor and the flavors taste natural....', 'Came here for my birthday last year (sorry, this is a late review!) but I loved my first time! \n\nThe ambiance is modern and warm. If only the space was...']",raleigh_boba,TRUE,FALSE,FALSE,TRUE,FALSE,FALSE,FALSE,FALSE,FALSE,FALSE,FALSE,FALSE,FALSE,FALSE,FALSE,FALSE,FALSE,FALSE,FALSE,FALSE,FALSE,FALSE,FALSE,FALSE,FALSE,FALSE,FALSE,FALSE,FALSE
SweeTea Boba & Ice,19196595638,5,"3651 SW Cary Pkwy, Cary, NC 27513",3651 SW Cary Pkwy,Cary,"Bubble Tea, Desserts, Shaved Ice",28,35.78184651,-78.83817176,"['Love this place! It is the cutest!!!!! Cute plushies and they sell Hello Kitty drink in a can.  A nice place to hang out with a girlfriend, girlfriends or...', '[3.5 stars] \n\nHaiku: SweeTea Boba & Ice\n\nOrder their shave ice.\nRomantic and chic inside\nCute date and friend spot.\n               ---\n\nSweeTea is such a...', ""I've been to boba spots around town and by far, the ambiance beats them all! This place was delightful and trendy, with dusty pink velvet chairs. Definitely...""]",raleigh_boba,TRUE,FALSE,FALSE,TRUE,FALSE,FALSE,FALSE,FALSE,TRUE,FALSE,TRUE,FALSE,FALSE,FALSE,FALSE,FALSE,FALSE,FALSE,FALSE,FALSE,FALSE,FALSE,FALSE,FALSE,FALSE,FALSE,FALSE,FALSE,FALSE
MILKLAB - Smoky Hollow,19195941159,4.5,"526 N West St, Raleigh, NC 27603",526 N West St,Raleigh,"Bubble Tea, Ice Cream & Frozen Yogurt",14,35.78687948,-78.64532381,"['TLDR: Excellent option for boba tea and rolled ice cream. Indoor and outdoor seating. Phenomenal customer service. \n\nAs a fan of their Cary location, I was...', 'Nice location.. Paid street parking.. Enjoyed the Yuzu Tea next time we will ask for NO sweetener and or sugar - it was WAY\n TO SWEET. The Strawberry drink...', ""A fun place we took our kids to for dessert! \n\nThe storefront is very easy to spot, it's facing the street. Parking though, is another story - you can...""]",raleigh_boba,TRUE,FALSE,TRUE,TRUE,FALSE,FALSE,FALSE,FALSE,FALSE,TRUE,FALSE,FALSE,FALSE,FALSE,FALSE,FALSE,FALSE,FALSE,FALSE,FALSE,FALSE,FALSE,FALSE,FALSE,FALSE,FALSE,FALSE,FALSE,FALSE
Mochinut,NA,4,"9958 Chapel Hill Rd, Cary, NC 27560",9958 Chapel Hill Rd,Cary,"Donuts, Desserts, Bubble Tea",51,35.815395,-78.821444,"['Fun and funky is the vibe I received after visiting Mochinut! Their concept of mochi based goodness is amazing! I tried their caramel Donut that were...', 'These look like traditional Japanese/Hawaiian poi mochi donuts from the outside, inside tells another story. These are bleached white. Not the purple they...', 'I came here on a Saturday afternoon. The service was excellent and Riley and Rika were friendly (apologies for any misspellings of names). Very nice place...']",raleigh_boba,FALSE,FALSE,FALSE,TRUE,FALSE,FALSE,FALSE,FALSE,TRUE,FALSE,FALSE,TRUE,FALSE,FALSE,FALSE,FALSE,FALSE,FALSE,FALSE,FALSE,FALSE,FALSE,FALSE,FALSE,FALSE,FALSE,FALSE,FALSE,FALSE
Bapu Teahouse,NA,3,"4321 Glenwood Ave, Raleigh, NC 27612",4321 Glenwood Ave,Raleigh,"Bubble Tea, Coffee & Tea, Juice Bars & Smoothies",10,35.84019518,-78.6795293,"['Friendly staff but drinks are just ok. Got the Thai Milk tea with boba. The boba did not appear to have been cooked properly...was hard in the middle.\nThink...', 'Located inside Crabtree Mall-2nd level, across from the Apple Store is Bapu Fresh. Most times when walking by there has been quite a line since Bubble Tea...', ""Walked in here after shopping in the mall. There's always a long line, making me think it must be good. But I was wrong, at least what I ordered was not...""]",raleigh_boba,TRUE,FALSE,FALSE,TRUE,TRUE,TRUE,FALSE,FALSE,FALSE,FALSE,FALSE,FALSE,FALSE,FALSE,FALSE,FALSE,FALSE,FALSE,FALSE,FALSE,FALSE,FALSE,FALSE,FALSE,FALSE,FALSE,FALSE,FALSE,FALSE
Budacai,19198034005,4,"120 E Martin St, Raleigh, NC 27601",120 E Martin St,Raleigh,"Asian Fusion, Bubble Tea, Coffee & Tea",200,35.77679901,-78.63731814,"[""Amazing. love this place so much. The bao and tacos are amazing. \n\nIt doesn't get better than healthy AND tasty."", 'This shop is so cute! I love the upstairs area and how photo friendly they made it. The food is very tasty and I like all of the options I have to choose...', 'I came here after attending an event around the corner.  I was looking for a spot to hang out, people watch, and have good food and a couple of drinks.  I...']",raleigh_boba,FALSE,FALSE,FALSE,TRUE,TRUE,FALSE,FALSE,FALSE,FALSE,FALSE,FALSE,FALSE,TRUE,FALSE,FALSE,FALSE,FALSE,FALSE,FALSE,FALSE,FALSE,FALSE,FALSE,FALSE,FALSE,FALSE,FALSE,FALSE,FALSE
BAMBU,19844650254,4,"90 Cornerstone Dr, Cary, NC 27519",90 Cornerstone Dr,Cary,"Bubble Tea, Juice Bars & Smoothies, Vietnamese",40,35.7910933,-78.8525035,"['A first time visit near the UPS store and Harris Teeter.\nThe heat has been brutal and needed something besides water to hydrate. I must have passed a...', ""Cozy little cafe with milk tea, Vietnamese coffee, and lots of desserts! It's small inside, and there's room for around 10-15 people.\n\nThe menu has a lot of..."", 'The Pandan waffle is to die for. I had to stop my hubby before I could take a pic.\nChe were a little sweet this time. But the Pandan waffle is a must order.']",raleigh_boba,TRUE,FALSE,FALSE,TRUE,FALSE,TRUE,FALSE,FALSE,FALSE,FALSE,FALSE,FALSE,FALSE,TRUE,FALSE,FALSE,FALSE,FALSE,FALSE,FALSE,FALSE,FALSE,FALSE,FALSE,FALSE,FALSE,FALSE,FALSE,FALSE
Milk Lab - Cary,19842000016,4.5,"6418 Tryon Rd, Cary, NC 27518",6418 Tryon Rd,Cary,"Ice Cream & Frozen Yogurt, Bubble Tea, Coffee & Tea",521,35.745425,-78.760704,"['Great little spot. Very hip and not a lot of sitting area. The staff is friendly and very patient. The milk tea was great! I love that you can tailor how...', 'I online ordered and was a good experience. I like the app tells you when your order is ready. \n\nNow that I understand a little better about how to order...', 'The ice cream was so good!! The selection choices were nice. My son really enjoyed being able to watch them make it. My sister and niece really enjoyed the...']",raleigh_boba,TRUE,FALSE,TRUE,TRUE,TRUE,FALSE,FALSE,FALSE,FALSE,TRUE,FALSE,FALSE,FALSE,FALSE,FALSE,FALSE,FALSE,FALSE,FALSE,FALSE,FALSE,FALSE,FALSE,FALSE,FALSE,FALSE,FALSE,FALSE,FALSE
Moomoocha,19842007002,4,"1350 5th Ave, Ste 250, Garner, NC 27529",1350 5th Ave,Garner,"Bubble Tea, Cafes",27,35.709629,-78.622351,"[""I can't believe I've never heard of MooMooCha, especially since I consider myself a boba fanatic. Well, I was in the area and got a Classic MooMooCha with..."", 'Bubble tea shop located in the Garner 5th Avenue shops on the side facing the highway. There is ample parking in the lot and the shop itself is good in...', ""I was in the mood for a refreshing drink so I looked up the closest Boba spot. This location was a little difficult to find for a first timer. It's located...""]",raleigh_boba,FALSE,FALSE,FALSE,TRUE,FALSE,FALSE,FALSE,FALSE,FALSE,FALSE,FALSE,FALSE,FALSE,FALSE,TRUE,FALSE,FALSE,FALSE,FALSE,FALSE,FALSE,FALSE,FALSE,FALSE,FALSE,FALSE,FALSE,FALSE,FALSE
Brecotea,19192341555,4,"1144 Kildaire Farm Rd, Cary, NC 27511",1144 Kildaire Farm Rd,Cary,"Bubble Tea, Coffee & Tea, Bakeries",229,35.766387,-78.783376,"['Oh heavens! I found my new favorite bakery!!\n\nWe were driving by and the word bakery caught the corner of my eye so I made a u-turn and stopped in.\n\nTried a...', 'My partner and I visited Brecotea for a quick snack and coffee while visiting Cary. It was very crowded when we visited on a weekend afternoon. The interior...', ""If you're looking for a Korean bakery mashed up with boba place, in an upscale setting, you'll find it at Brecotea. \nAt the center of a large dining area is...""]",raleigh_boba,FALSE,FALSE,FALSE,TRUE,TRUE,FALSE,FALSE,FALSE,FALSE,FALSE,FALSE,FALSE,FALSE,FALSE,FALSE,TRUE,FALSE,FALSE,FALSE,FALSE,FALSE,FALSE,FALSE,FALSE,FALSE,FALSE,FALSE,FALSE,FALSE
Pho Oxtail,19842203783,4.5,"3901 Capital Blvd, Ste 163, Raleigh, NC 27604",3901 Capital Blvd,Raleigh,"Vietnamese, Bubble Tea",122,35.836101,-78.585814,"[""While it may not be the best Pho I've ever tasted, this place offers a genuine and authentic Vietnamese Pho experience that is hard to come by in North..."", ""Been coming here for few years and their service and food quality is progressively declining. I kept going back hoping that it'll change back to what it..."", ""Best pho in RTP in my opinion. Broth has excellent depth and balance, and tastes richer than others in the area.  I would recommend their banh mi's as well.""]",raleigh_boba,FALSE,TRUE,FALSE,TRUE,FALSE,FALSE,FALSE,FALSE,FALSE,FALSE,FALSE,FALSE,FALSE,TRUE,FALSE,FALSE,FALSE,FALSE,FALSE,FALSE,FALSE,FALSE,FALSE,FALSE,FALSE,FALSE,FALSE,FALSE,FALSE
SipCha,19193728035,4.5,"1011 Beaver Creek Commons Dr, Apex, NC 27502",1011 Beaver Creek Commons Dr,Apex,"Bubble Tea, Ice Cream & Frozen Yogurt",129,35.74321,-78.8711507,"[""I've visited the Cary location quite a few times and was excited to see this one close by to where I was today. \n\nThe Apex location is much bigger and more..."", ""Omg. As someone who has only had boba once, and out of a can, this was my first fresh boba experience. Safe to say, I'm obsessed. I would come here every..."", 'I\'m quickly becoming a big fan of SipCha. This is the second location I\'ve been to and they\'re consistently delicious. \nThe ""Ube Meets Taro"" is the star of...']",raleigh_boba,TRUE,FALSE,FALSE,TRUE,FALSE,FALSE,FALSE,FALSE,FALSE,TRUE,FALSE,FALSE,FALSE,FALSE,FALSE,FALSE,FALSE,FALSE,FALSE,FALSE,FALSE,FALSE,FALSE,FALSE,FALSE,FALSE,FALSE,FALSE,FALSE
Quickly Tea House,19848880137,4,"2604A Hillsborough Rd, Durham, NC 27705",2604A Hillsborough Rd,Durham,"Bubble Tea, Taiwanese, Ramen",91,36.01087684,-78.92898257,"['Tea was delicious. They forgot to make my popcorn chicken and they ended up giving me a refund, a filled out free drink punch card, and the chicken(which...', 'the nostalgic boba\n\nnow with boba places popping up everywhere, it is really hard to tell them apart tbh. but quickly will always have a special place in my...', '10 out of 5 stars for the popcorn chicken. Honestly may be one of my fave things in Durham. I would eat it every other day if my cholesterol and waistline...']",raleigh_boba,FALSE,FALSE,FALSE,TRUE,FALSE,FALSE,TRUE,FALSE,FALSE,FALSE,FALSE,FALSE,FALSE,FALSE,FALSE,FALSE,TRUE,FALSE,FALSE,FALSE,FALSE,FALSE,FALSE,FALSE,FALSE,FALSE,FALSE,FALSE,FALSE
Cha House - Cary,19844650498,4.5,"1319 Kildaire Farm Rd, Cary, NC 27511",1319 Kildaire Farm Rd,Cary,"Taiwanese, Bubble Tea, Coffee & Tea",132,35.76017659,-78.78198264,"['Cha House is my favorite place to get boba. I have loved everything I have tried there, and the service is amazing. The inside is cute, and would be nice to...', ""Another cute tea house (and it has a prime location between two of my favorite places to be - Barnes & Noble and Trader Joe's!!!!).  The Spicy Chai (regular..."", 'Got boba for the first time here. They have a wide variety of teas and snacks. \n\nService was fast. The employees are very respectful and informative. It was...']",raleigh_boba,TRUE,FALSE,TRUE,TRUE,TRUE,FALSE,TRUE,FALSE,FALSE,FALSE,FALSE,FALSE,FALSE,FALSE,FALSE,FALSE,FALSE,FALSE,FALSE,FALSE,FALSE,FALSE,FALSE,FALSE,FALSE,FALSE,FALSE,FALSE,FALSE
Sweet Room,19193676358,4,"2763 NC-55, Cary, NC 27519",2763 NC-55,Cary,"Desserts, Bubble Tea, Shaved Ice",36,35.78599846,-78.87269849,"['I came here with my friends on last Wednesday around 8:30. First I like the say the layout the minimal decor was really nice. Very clean and Serene. \n\n1. We...', ""This place was clean and neat.Different varieties of milk tea to choose from.We enjoyed the mango snow ice but it's a huge quantity and can be shared..."", ""Such a cute place for boba and dessert. It's very minimalistic yet cozy inside. Staff was friendly and helpful explaining items on the menu. The mango...""]",raleigh_boba,TRUE,FALSE,FALSE,TRUE,FALSE,FALSE,FALSE,FALSE,TRUE,FALSE,TRUE,FALSE,FALSE,FALSE,FALSE,FALSE,FALSE,FALSE,FALSE,FALSE,FALSE,FALSE,FALSE,FALSE,FALSE,FALSE,FALSE,FALSE,FALSE
SipCha,19844650462,5,"407 Emissary Dr, Cary, NC 27519",407 Emissary Dr,Cary,"Bubble Tea, Tea Rooms, Cafes",24,35.82531901,-78.90382539,"[""They have mastered the Taro boba tea! We have gone back 3 times for it specifically!\n\nHighly recommend ordering any of the specialties and don't forget the..."", 'The milk tea here slaps. I ordered the mango drink with lychee jelly at 50% sweetness and it was deeelicious.\n\nStaff was nice. Service was excellent.\n\nChill...', 'Light sweet fresh Boba tea. Great music always playing lively experience. Good hours clean usually come every couple of weeks. Will be back.']",raleigh_boba,TRUE,FALSE,TRUE,TRUE,FALSE,FALSE,FALSE,TRUE,FALSE,FALSE,FALSE,FALSE,FALSE,FALSE,TRUE,FALSE,FALSE,FALSE,FALSE,FALSE,FALSE,FALSE,FALSE,FALSE,FALSE,FALSE,FALSE,FALSE,FALSE
Bep Vietnamese Kitchen,19192852477,4.5,"300 S Main St, Holly Springs, NC 27540",300 S Main St,Holly Springs,"Vietnamese, Bubble Tea, Desserts",85,35.64835,-78.83407,"['Consistently good. Flavors are great and everything feels fresh. A great casual spot for authentic Vietnamese food.', 'We gave Bep Vietnamese Kitchen a try for a Saturday lunch.  For an appetizer, we tried the ""eggs rolls"", which I believe are actually Imperial Spring Rolls....', 'I was excited to try this spot, as my sister loves it. I ordered the ""spring rolls"" and shrimp vermicelli dish. I am gluten free for health reasons and let...']",raleigh_boba,FALSE,TRUE,FALSE,TRUE,FALSE,FALSE,FALSE,FALSE,TRUE,FALSE,FALSE,FALSE,FALSE,TRUE,FALSE,FALSE,FALSE,FALSE,FALSE,FALSE,FALSE,FALSE,FALSE,FALSE,FALSE,FALSE,FALSE,FALSE,FALSE
Boba Beans Bistro,19195857971,4.5,"50 Neuse River Pkwy, Ste 1, Clayton, NC 27527",50 Neuse River Pkwy,Clayton,Bubble Tea,13,35.64954158,-78.39495232,"['Biggest, most fun lounge area yet, cool different seating areas to hang out, recreate, or play.  The flavors are fresh, with real fruit, and incredible...', 'Inclusive, proactive, delicious.\n\nI was so happy to find this place, I was invited here by a friend for a work meeting. The tea was amazing, great milk...', 'In the area, had some time and craving boba tea.\nCute space, they have a nice selection of boba teas, coffee items, teas and small bites.\nI enjoyed the...']",raleigh_boba,FALSE,FALSE,FALSE,TRUE,FALSE,FALSE,FALSE,FALSE,FALSE,FALSE,FALSE,FALSE,FALSE,FALSE,FALSE,FALSE,FALSE,FALSE,FALSE,FALSE,FALSE,FALSE,FALSE,FALSE,FALSE,FALSE,FALSE,FALSE,FALSE
Kung Fu Tea - Raleigh,NA,4,"10251 Little Brier Creek Ln, Ste 106, Raleigh, NC 27617",10251 Little Brier Creek Ln,Raleigh,"Coffee & Tea, Juice Bars & Smoothies, Bubble Tea",22,35.91131,-78.78521,"[""KFT is KFT is KFT amiright? Lol\nThere wasn't anything special or anything wrong/bad about this location compared to the others. I actually like how spacious..."", ""I've found a true boba paradise in Northwest Raleigh, and it's none other than Kung Fu Tea. This place sets the bar high with their exceptional boba,..."", ""My friend introduced me to Kung Fu Tea and I'm so happy she did!! \nThere's plenty of parking up front and the business is easy to find. There are a ton of...""]",raleigh_boba,TRUE,FALSE,TRUE,TRUE,TRUE,TRUE,FALSE,FALSE,FALSE,FALSE,FALSE,FALSE,FALSE,FALSE,FALSE,FALSE,FALSE,FALSE,FALSE,FALSE,FALSE,FALSE,FALSE,FALSE,FALSE,FALSE,FALSE,FALSE,FALSE
Milk Lab - Durham,19199379798,4.5,"105 W Nc Hwy 54, Ste 265, Durham, NC 27713",105 W Nc Hwy 54,Durham,"Coffee & Tea, Ice Cream & Frozen Yogurt, Bubble Tea",147,35.90927897,-78.93938673,"['Milk Lab is my most frequented bubble tea shop in NC. I got the brown tea black milk tea with crystal boba at 50% sweetness and less ice. It was delicious....', ""Milk Lab is a really good place to satisfy my boba cravings! It's located in a plaza with plenty of parking, and they have an online ordering option. I got..."", ""I know rolled ice cream was all the rage / Insta worthy yums a few years ago but I've largely forgotten about that til recently. Have been to Milklab 2ce...""]",raleigh_boba,TRUE,FALSE,TRUE,TRUE,TRUE,FALSE,FALSE,FALSE,FALSE,TRUE,FALSE,FALSE,FALSE,FALSE,FALSE,FALSE,FALSE,FALSE,FALSE,FALSE,FALSE,FALSE,FALSE,FALSE,FALSE,FALSE,FALSE,FALSE,FALSE
Quickly-Morrisville,19844650347,4,"4141 Davis Dr, Morrisville, NC 27560",4141 Davis Dr,Morrisville,"Coffee & Tea, Bubble Tea, Juice Bars & Smoothies",138,35.83615948,-78.85836838,"[""Amazing selection. More selection than any drink store I've ever seen. Great fast service and not overpriced. Stop here every chance I get."", 'Not really sure what happened but this place used to be so good when it first opened :( Came back in town after a few years to try this location again and...', 'Bummed that they are closed on Mondays but other than that I really love this place and wish there were more locations in the area. I have never tried any...']",raleigh_boba,FALSE,TRUE,TRUE,TRUE,TRUE,TRUE,FALSE,FALSE,FALSE,FALSE,FALSE,FALSE,FALSE,FALSE,FALSE,FALSE,FALSE,FALSE,FALSE,FALSE,FALSE,FALSE,FALSE,FALSE,FALSE,FALSE,FALSE,FALSE,FALSE
Yaya Tea Durham,19199088153,4,"807 E Main St, Ste 2-150, Durham, NC 27701",807 E Main St,Durham,Bubble Tea,34,35.99020133,-78.89101949,"[""The location is hard to find. We drove around for 20 minutes trying to find it. Once you do, you're met with a cute, small little place. \n\nI got the gyoza..."", ""Meh. I came here for boba with a group of friends. There wasn't anyone else there, so the service was pretty fast. The drink itself was not good - boba was..."", '""Boba Tea and more just east of downtown Durham""\n\nBoba tea places are spreading in the area, and my son and I were excited to try this one on a Friday...']",raleigh_boba,FALSE,FALSE,FALSE,TRUE,FALSE,FALSE,FALSE,FALSE,FALSE,FALSE,FALSE,FALSE,FALSE,FALSE,FALSE,FALSE,FALSE,FALSE,FALSE,FALSE,FALSE,FALSE,FALSE,FALSE,FALSE,FALSE,FALSE,FALSE,FALSE
More Tea,19192674859,4.5,"806 Perry Rd, Apex, NC 27502",806 Perry Rd,Apex,"Desserts, Bubble Tea",18,35.720997,-78.84466,"['The drinks were so good man. The service was quick and they were friendly. And the place...omg it was so pretty in there. Really aesthetic, will recommend...', 'They have a variety of milk teas from cold to hot with many flavors to choose from.  You can also grab some bakery while you enjoy your tea. The atmosphere...', 'Most people come here for their egg tarts. Of course, I tried them too. For two egg tarts, I paid  overall with tax $6.22. Their pastries price points are...']",raleigh_boba,FALSE,FALSE,FALSE,TRUE,FALSE,FALSE,FALSE,FALSE,TRUE,FALSE,FALSE,FALSE,FALSE,FALSE,FALSE,FALSE,FALSE,FALSE,FALSE,FALSE,FALSE,FALSE,FALSE,FALSE,FALSE,FALSE,FALSE,FALSE,FALSE
Boba T +,19192978552,5,"1401 SE Maynard Rd, Ste G, Cary, NC 27511",1401 SE Maynard Rd,Cary,Bubble Tea,12,35.7900138,-78.7642243,"[""My go to spot! This is probably my sixth time here and I'm finally getting around to a review, I always have such a great experience. I love Boba and this..."", 'Super great and personable service! Our kids loved the mango slushy and strawberry milk drinks. Nice take home cups you could reuse again. Cute boutique...', ""My search for the best boba place in the area has finally ended! I'm surprised it doesn't have more reviews. I don't even know where to start. The owners...""]",raleigh_boba,FALSE,FALSE,FALSE,TRUE,FALSE,FALSE,FALSE,FALSE,FALSE,FALSE,FALSE,FALSE,FALSE,FALSE,FALSE,FALSE,FALSE,FALSE,FALSE,FALSE,FALSE,FALSE,FALSE,FALSE,FALSE,FALSE,FALSE,FALSE,FALSE
Sharetea - Morrisville,19199441881,4,"1101 Grace Park Dr, Morrisville, NC 27560",1101 Grace Park Dr,Morrisville,Bubble Tea,5,35.82013454,-78.84618779,"['So, funny story. I ordered three drinks tonight, placed them all in a drink carrier and headed out. As I was lifting the drinks (still in said drink...', ""Bottom line: I'm going with 4.5 stars for this new Sharetea location in Morrisville. Delicious and refreshing beverage but price point is not cheap. Nice..."", 'So excited for a new boba place in the Raleigh/Morrisville area! Their Thai tea was great, and they let us try one of their new possible teas, mango and...']",raleigh_boba,TRUE,FALSE,TRUE,TRUE,FALSE,FALSE,FALSE,FALSE,FALSE,FALSE,FALSE,FALSE,FALSE,FALSE,FALSE,FALSE,FALSE,FALSE,FALSE,FALSE,FALSE,FALSE,FALSE,FALSE,FALSE,FALSE,FALSE,FALSE,FALSE
Bapu Fresh,NA,3.5,"9589 Chapel Hill Rd, Morrisville, NC 27560",9589 Chapel Hill Rd,Morrisville,Bubble Tea,29,35.80453822,-78.81231679,"['Mango smoothie with popping mango boba was delicious and the corn dogs hit the spot as well. Nice vibe here and liked that they had board games to pass some...', ""Excited to find another boba shop near me. I've gone a few times now, and ordered something different each time. Everyone was super friendly and the menu..."", 'Nice ambiance! Reasonably priced compared to other bubble tea shops! The reason for the less stars is that they did not post if they do less sugar and ice...']",raleigh_boba,TRUE,FALSE,FALSE,TRUE,FALSE,FALSE,FALSE,FALSE,FALSE,FALSE,FALSE,FALSE,FALSE,FALSE,FALSE,FALSE,FALSE,FALSE,FALSE,FALSE,FALSE,FALSE,FALSE,FALSE,FALSE,FALSE,FALSE,FALSE,FALSE
Moge Tee - Durham,19844390799,4,"760 Ninth Street, Durham, NC 27705",760 Ninth Street,Durham,Bubble Tea,93,36.009724,-78.921763,"['Taro bubble tea flavor was mild and less sweet compared to the taro bubble tea at other boba shops. I enjoyed the authentic taste of the pureed taro too. I...', '""Boba Tea on Ninth Street in Durham""\n\nCame here on a Saturday afternoon -- it\'s basically directly across Ninth Street from Juju and Panera. It was...', ""I like Moge Tee a lot, mainly because they have tofu pudding drinks, which are hard to come by (even my favorite boba place otherwise, Boba Baba, doesn't...""]",raleigh_boba,TRUE,FALSE,TRUE,TRUE,FALSE,FALSE,FALSE,FALSE,FALSE,FALSE,FALSE,FALSE,FALSE,FALSE,FALSE,FALSE,FALSE,FALSE,FALSE,FALSE,FALSE,FALSE,FALSE,FALSE,FALSE,FALSE,FALSE,FALSE,FALSE
Boba Brew,19195383041,2.5,"411 W Morgan St, Raleigh, NC 27603",411 W Morgan St,Raleigh,"Bubble Tea, Juice Bars & Smoothies",38,35.77945,-78.64568,"[""I never really had boba tea and I'm so glad I tried it! Shoutout to the barista for suggesting I should!! I'm\nHooked! I appreciated they were happy to add..."", '3.5 / 4.0 - My friend and I came to Morgan Street Food Hall for lunch and I decided to get a boba tea afterwards. It was good for satisfying my boba tea...', 'This bubble tea stand had a really nice boba barista , so I decided to try a mango double bubble tea and it hit the spot! Perfect for after a big meal and...']",raleigh_boba,FALSE,FALSE,FALSE,TRUE,FALSE,TRUE,FALSE,FALSE,FALSE,FALSE,FALSE,FALSE,FALSE,FALSE,FALSE,FALSE,FALSE,FALSE,FALSE,FALSE,FALSE,FALSE,FALSE,FALSE,FALSE,FALSE,FALSE,FALSE,FALSE
Kung Fu Tea - Cary,19196501522,4,"966 High House Rd, Ste 124, Cary, NC 27513",966 High House Rd,Cary,"Bubble Tea, Coffee & Tea, Juice Bars & Smoothies",252,35.7888087,-78.8266815,"[""Delicious always!!\n\nTried Rosehip Milk Tea & Coconut Milk Tea with bobba.\nThe combination of tea & flavored milk is awesome. It's a must try if you are a..."", '3.5 rounded up to a 4\n\nGreat drinks, especially my Strawberry Lemon Green Tea!!! So delicious! A no-frills place to pick up boba. Not a lot of space to dine...', ""After having ramen next door I wanted a nice ice coffee and I was tempted to get boba because I love boba but they didn't have honeydew or else I would...""]",raleigh_boba,FALSE,FALSE,TRUE,TRUE,TRUE,TRUE,FALSE,FALSE,FALSE,FALSE,FALSE,FALSE,FALSE,FALSE,FALSE,FALSE,FALSE,FALSE,FALSE,FALSE,FALSE,FALSE,FALSE,FALSE,FALSE,FALSE,FALSE,FALSE,FALSE
Frozy,19194014210,4,"5324 New Hope Commons Dr, Ste 2A, Durham, NC 27707",5324 New Hope Commons Dr,Durham,"Juice Bars & Smoothies, Bubble Tea, Ice Cream & Frozen Yogurt",87,35.95520699,-78.99387256,"['The boba tea pearls are fresh. and the best Ive definitely ever had; flavor wise, option variety wise, and quality wise. The service is friendly and speedy...', 'Stopped in for the first time today.  Clean, pleasant people, and the smoothie is delicious!!! Definitely coming back.  Got the kalicious - kale pineapple...', ""Boba milk tea here didn't taste like tea. You can tell they used ab instant powder \n\nThe boba were a bit on the harder side.""]",raleigh_boba,FALSE,FALSE,FALSE,TRUE,FALSE,TRUE,FALSE,FALSE,FALSE,TRUE,FALSE,FALSE,FALSE,FALSE,FALSE,FALSE,FALSE,FALSE,FALSE,FALSE,FALSE,FALSE,FALSE,FALSE,FALSE,FALSE,FALSE,FALSE,FALSE
Bapu Tea House,NA,4.5,"1125 W NC-54, Ste 3, Durham, NC 27707",1125 W NC-54,Durham,"Bubble Tea, Coffee & Tea, Juice Bars & Smoothies",4,35.91777361,-78.9586484,"['Open for only a few weeks, Bapu Tea House is sparkling clean and staff is eager to please. Tried that brown sugar ice milk tea today. Nice flavor without...', ""Excellent new bubble tea house. At time of writing they've only been open a week and a half. Had their Mango milk bubble tea and oolong milk bubble tea...."", 'Visited Bapu on a whim after spotting the grand opening banner, and it was a great surprise! My boyfriend and I got a mango fruit tea and ube ice tea, and...']",raleigh_boba,TRUE,FALSE,FALSE,TRUE,TRUE,TRUE,FALSE,FALSE,FALSE,FALSE,FALSE,FALSE,FALSE,FALSE,FALSE,FALSE,FALSE,FALSE,FALSE,FALSE,FALSE,FALSE,FALSE,FALSE,FALSE,FALSE,FALSE,FALSE,FALSE
MILKLAB - Southpoint,19848880262,4.5,"6910 Fayetteville Rd, Space 1860, Durham, NC 27713",6910 Fayetteville Rd,Durham,"Bubble Tea, Coffee & Tea, Ice Cream & Frozen Yogurt",6,35.90449568,-78.94182176,"['I rushed to the mall with only 12 minute before the mall closed because I was craving milk tea. I was able to order and they made the drinks and served them...', ""The place is really cute and it is a great stopping place if you're already shopping in Southpoint and are craving some boba. The drinks come out pretty..."", ""First time trying MILKLAB but I'm always down to try a new boba place. I got the rose milk latte because it was the only decaf tea latte they had available....""]",raleigh_boba,TRUE,FALSE,TRUE,TRUE,TRUE,FALSE,FALSE,FALSE,FALSE,TRUE,FALSE,FALSE,FALSE,FALSE,FALSE,FALSE,FALSE,FALSE,FALSE,FALSE,FALSE,FALSE,FALSE,FALSE,FALSE,FALSE,FALSE,FALSE,FALSE
The Sweet Tea Cafe,19196190550,5,"4826 Mt Moriah Rd, Durham, NC 27705",4826 Mt Moriah Rd,Durham,"Bubble Tea, Coffee & Tea",2,35.96880995,-79.0060849,"[""As someone who was raised in eastern North Carolina, I feel like I have standards for certain southern things, pork and sweet tea especially. They don't..."", 'I happened to pass this place randomly and decided to stop in.  I loved the customer service!  I also enjoyed hearing how the tea was made.  I got the Tiger...']",raleigh_boba,FALSE,FALSE,FALSE,TRUE,TRUE,FALSE,FALSE,FALSE,FALSE,FALSE,FALSE,FALSE,FALSE,FALSE,FALSE,FALSE,FALSE,FALSE,FALSE,FALSE,FALSE,FALSE,FALSE,FALSE,FALSE,FALSE,FALSE,FALSE,FALSE
Li Ming Bubble Tea,19194015212,3,"3400 Westgate Dr, Durham, NC 27707",3400 Westgate Dr,Durham,"Bubble Tea, Juice Bars & Smoothies",5,35.96645,-78.96119,"[""I'm Li Ming on a jet plane. Don't think that I'll be back again.\n\nReally sweet owner making yummy Vietnamese style Bubble Teas at cheap prices inside the Li..."", 'Drove to Durham to try boba- we tried peach,mango and strawberry. Purchased some dessert- we will be back!\nNote- this is located inside Li Ming Mart inside...', 'I love Li Ming and the fact that they have a bubble tea stand inside! The bubble tea is located in front of the sweets by the food court. There you can find...']",raleigh_boba,FALSE,FALSE,FALSE,TRUE,FALSE,TRUE,FALSE,FALSE,FALSE,FALSE,FALSE,FALSE,FALSE,FALSE,FALSE,FALSE,FALSE,FALSE,FALSE,FALSE,FALSE,FALSE,FALSE,FALSE,FALSE,FALSE,FALSE,FALSE,FALSE
Oriental Pho,19194490807,3,"5959 Triangle Town Blvd, Unit 1116, Raleigh, NC 27616",5959 Triangle Town Blvd,Raleigh,"Bubble Tea, Vietnamese, Asian Fusion",1,35.866616,-78.575751,"[""Staff is friendly but the pho broth didn't have any taste the Taro milk tea is delicious!!""]",raleigh_boba,FALSE,TRUE,FALSE,TRUE,FALSE,FALSE,FALSE,FALSE,FALSE,FALSE,FALSE,FALSE,TRUE,TRUE,FALSE,FALSE,FALSE,FALSE,FALSE,FALSE,FALSE,FALSE,FALSE,FALSE,FALSE,FALSE,FALSE,FALSE,FALSE
Chun Yang Tea,13477329680,4.5,"133-41 41st Ave, Flushing, NY 11355",133-41 41st Ave,Flushing,"Bubble Tea, Taiwanese",222,40.758001,-73.82994768,"[""I always make sure to visit this boba shop whenever I'm in New York!! I highly recommend the honey osmanthus oolong tea latte.\n\nPretty overpriced - about $7..."", 'Found this place on Yelp as I was in the Flushings area. I ordered the Cold Peach Oolong and Cold Hojicha Latte and do recommend both. I like that the staff...', 'I like that the employee recommended the sugar and ice level when we ordered. And the strong tea flavors\n\nPomelo Oolong $7.50 (30% sugar, no ice) strong tea...']",nyc_boba,TRUE,FALSE,FALSE,TRUE,FALSE,FALSE,TRUE,FALSE,FALSE,FALSE,FALSE,FALSE,FALSE,FALSE,FALSE,FALSE,FALSE,FALSE,FALSE,FALSE,FALSE,FALSE,FALSE,FALSE,FALSE,FALSE,FALSE,FALSE,FALSE
Xing Fu Tang,13473686886,4,"40-52 Main St, Flushing, NY 11345",40-52 Main St,Flushing,"Bubble Tea, Desserts, Taiwanese",506,40.75816,-73.82982,"['My bf and I were walking around the area after a super spicy lunch in search for some boba to cool off our tongues. This place had the best reviews of the...', ""One of the best bobas I've ever had! The milk tea flavor of the soft serve is just flavorful enough to taste great.\n\nThere's isn't any seating, but there is..."", 'Definitely a very solid place for bubble tea. The main attraction of Xing Fu Tang has definitely got to be their tapioca pearls--rich, caramelized, chewy,...']",nyc_boba,TRUE,FALSE,FALSE,TRUE,FALSE,FALSE,TRUE,FALSE,TRUE,FALSE,FALSE,FALSE,FALSE,FALSE,FALSE,FALSE,FALSE,FALSE,FALSE,FALSE,FALSE,FALSE,FALSE,FALSE,FALSE,FALSE,FALSE,FALSE,FALSE
The Alley,NA,4,"38-02 Prince St, Flushing, NY 11354",38-02 Prince St,Flushing,"Bubble Tea, Coffee & Tea",552,40.76012967,-73.83272645,"[""I love places where I can go in and out without talking to anyone :)\nThey also have some interesting flavors so they're a nice break from all the other..."", ""Food\nShockingly bad in Flushing Queens New York when it's so so good in Irvine California \n\nSkipped out on the Ube liquid, too much Ube chunks \n\nService..."", 'Ordered their taro milk tea with boba via a delivery app. Got my drink pretty fast. Quickly took a sip, the boba is chewy, and not overly cooked. However,...']",nyc_boba,FALSE,FALSE,FALSE,TRUE,TRUE,FALSE,FALSE,FALSE,FALSE,FALSE,FALSE,FALSE,FALSE,FALSE,FALSE,FALSE,FALSE,FALSE,FALSE,FALSE,FALSE,FALSE,FALSE,FALSE,FALSE,FALSE,FALSE,FALSE,FALSE
Partea NYC - Flushing,17183589188,4.5,"135-29 Roosevelt Ave, Flushing, NY 11354",135-29 Roosevelt Ave,Flushing,"Arcades, Bubble Tea, Chicken Wings",216,40.75949,-73.83101,"['Such a fun place to get boba and popcorn chicken! Ordering is super easy as they have kiosks you can order from. I ordered the mango pomelo sago 50% sugar....', 'Inspired by the bustling night markets of Taiwan, Partea NYC brings to its customers a unique, one-of-a-kind experience, full of games, mouthwatering street...', ""Cute boba stop with claw machines!\n\nThe menu has so much variety but I was craving matcha and decided to do their whipped strawberry matcha latte. I don't...""]",nyc_boba,FALSE,FALSE,TRUE,TRUE,FALSE,FALSE,FALSE,FALSE,FALSE,FALSE,FALSE,FALSE,FALSE,FALSE,FALSE,FALSE,FALSE,TRUE,TRUE,FALSE,FALSE,FALSE,FALSE,FALSE,FALSE,FALSE,FALSE,FALSE,FALSE
Zaza Tea,NA,4.5,"136-84 Roosevelt Ave, Queens, NY 11354",136-84 Roosevelt Ave,Queens,Bubble Tea,2,40.76017116,-73.82706754,"['Zaza is a new takeout boba tea shop opened on Roosevelt between Main and Union. I was under the impression that zaza meant what most of you probably thought...', 'Great service! Super friendly! Delicious watermelon slushie! Will definitely go back!']",nyc_boba,FALSE,FALSE,FALSE,TRUE,FALSE,FALSE,FALSE,FALSE,FALSE,FALSE,FALSE,FALSE,FALSE,FALSE,FALSE,FALSE,FALSE,FALSE,FALSE,FALSE,FALSE,FALSE,FALSE,FALSE,FALSE,FALSE,FALSE,FALSE,FALSE
Song Tea,17188868254,4,"38-21 Main St, Flushing, NY 11354",38-21 Main St,Flushing,Bubble Tea,88,40.760447,-73.830369,"[""a pretty small shop, no seats. Got a lychee and pitaya tea with less ice and reg sugar, it was definitely on the sweeter side, could've went with 50-75%..."", 'Very mediocre fruit tea in comparison to the many great bubble tea shops in the area. For almost $9 a drink, I expected more flavor. We ordered the lychee...', ""Given the competitive boba tea market in downtown Flushing, I'm impressed this tiny shop still open. \nI picked two drinks out of their top 9 drinks. Lychee...""]",nyc_boba,FALSE,FALSE,FALSE,TRUE,FALSE,FALSE,FALSE,FALSE,FALSE,FALSE,FALSE,FALSE,FALSE,FALSE,FALSE,FALSE,FALSE,FALSE,FALSE,FALSE,FALSE,FALSE,FALSE,FALSE,FALSE,FALSE,FALSE,FALSE,FALSE
Tiger Sugar,13477324001,4,"136-20 Roosevelt Ave, Ste 12, New World Mall, Flushing, NY 11354",136-20 Roosevelt Ave,Flushing,"Bubble Tea, Desserts, Coffee & Tea",765,40.7593046,-73.8291343,"[""I had the #1, black sugar boba + pearl milk with cream mousse. This drink was amazing. Flavor was spot on and the boba was really good...wish I could've..."", ""Tiger Sugar, which is currently (as of April 2023) located in the New World Mall's food court at the basement level in one of the corners, popularized..."", 'This is my go to bubble tea whenever I am in Main Street. They have changed their location to the food court in the mall. \nAlthough it is a bit overpriced,...']",nyc_boba,FALSE,FALSE,FALSE,TRUE,TRUE,FALSE,FALSE,FALSE,TRUE,FALSE,FALSE,FALSE,FALSE,FALSE,FALSE,FALSE,FALSE,FALSE,FALSE,FALSE,FALSE,FALSE,FALSE,FALSE,FALSE,FALSE,FALSE,FALSE,FALSE
Möge Tee - Flushing,17183211188,4,"38-03 Main Street, Flushing, NY 11354",38-03 Main Street,Flushing,"Bubble Tea, Tea Rooms",212,40.76078,-73.83055,"['It was a rainy day so the store was quiet. Since there were a couple of people on the line, I decided to order at the kiosk.\n\nIt was quick and I order my...', 'This boba tea place is good. Being from California....we have a lot of boba places also. I tried this place while visiting friends in Flushing. \n\nThis place...', ""I recently visited MOGE TEE, and I can't stop raving about it! This premium bubble tea shop offers an incredible experience, and their bestseller, the...""]",nyc_boba,FALSE,FALSE,TRUE,TRUE,FALSE,FALSE,FALSE,TRUE,FALSE,FALSE,FALSE,FALSE,FALSE,FALSE,FALSE,FALSE,FALSE,FALSE,FALSE,FALSE,FALSE,FALSE,FALSE,FALSE,FALSE,FALSE,FALSE,FALSE,FALSE
Yi Fang Taiwan Fruit Tea,19293007485,3.5,"135-37 40th Rd, Flushing, NY 11354",135-37 40th Rd,Flushing,Bubble Tea,338,40.75894563,-73.83029797,"['Found this cute boba shop yesterday so decided to get a drink from them today!! It is their new location another area on the side at main street. \n\nTheir...', ""Great fruit tea!\nThey use fresh slices of real fruit in the tea.\nThe recommended sugar level is perfect if you don't want really sweet tea."", ""Got the brown sugar boba milk tea, note that you can order ahead through mobile app. But it's pretty quick to get the drink even order in store. So not much...""]",nyc_boba,TRUE,FALSE,FALSE,TRUE,FALSE,FALSE,FALSE,FALSE,FALSE,FALSE,FALSE,FALSE,FALSE,FALSE,FALSE,FALSE,FALSE,FALSE,FALSE,FALSE,FALSE,FALSE,FALSE,FALSE,FALSE,FALSE,FALSE,FALSE,FALSE
Teazzi Tea Shop,19292902888,4,"135-17 38th Ave, Flushing, NY 11354",135-17 38th Ave,Flushing,Bubble Tea,88,40.76058,-73.83213,"[""One of my favorite boba shops for when I visit New York! I'm a big fan of their deep roasted oolong milk tea :p\n\nIt's nice that you get to choose your tea..."", ""The Amber Oolong has okay tea flavor, but milk powder was overpowering. Not a fan! Rude staff, ugh! \n\nNot knowing that milk tea means that it's made with..."", 'I was a really big fan of the Honey Amber Oolong Milk Tea with Tapioca! Soooo good!! The tea was fragrant and had a pleasant sweetness from the honey (50%...']",nyc_boba,FALSE,FALSE,FALSE,TRUE,FALSE,FALSE,FALSE,FALSE,FALSE,FALSE,FALSE,FALSE,FALSE,FALSE,FALSE,FALSE,FALSE,FALSE,FALSE,FALSE,FALSE,FALSE,FALSE,FALSE,FALSE,FALSE,FALSE,FALSE,FALSE
Sweet Cake,19293290666,4.5,"137-06 Northern Blvd, Flushing, NY 11354",137-06 Northern Blvd,Flushing,"Desserts, Bubble Tea",75,40.7628511,-73.83063796,"['Sweet Cake has been on my radar since its opening, and now I regret not trying this spot earlier.\n\n＊ Sesame Earl Grey Chiffon Cake\nThe sesame flavor really...', 'For weeks, Sweet Cake tantalizingly danced through my Instagram feed, beckoning with vibrant images and raving comments. Thus, my expectations were...', 'This is a lovely dessert shop with cute Taiwanese style desserts. The staff were friendly and the service was good. \n\nWe ordered a sesame Boba cream puff...']",nyc_boba,FALSE,FALSE,FALSE,TRUE,FALSE,FALSE,FALSE,FALSE,TRUE,FALSE,FALSE,FALSE,FALSE,FALSE,FALSE,FALSE,FALSE,FALSE,FALSE,FALSE,FALSE,FALSE,FALSE,FALSE,FALSE,FALSE,FALSE,FALSE,FALSE
The Yunique Tea,19288138888,4,"42-01 162nd St, Flushing, NY 11358",42-01 162nd St,Flushing,Bubble Tea,37,40.760083,-73.803827,"[""Dirty Boba Milk Tea 10/10\n\nA definitely must try. Small store front with no seating. There's only one person working when I went but she was so kind.\n\nThere..."", ""This bubble tea place is great for many reasons.. the bubble tea and service. The space is very small and it's mostly for to go but I would highly recommend..."", ""Solid boba shop tucked away right off northern Blvd. store seems to be family owned and the service was good. The store isn't big so it's more of a spot to...""]",nyc_boba,FALSE,FALSE,FALSE,TRUE,FALSE,FALSE,FALSE,FALSE,FALSE,FALSE,FALSE,FALSE,FALSE,FALSE,FALSE,FALSE,FALSE,FALSE,FALSE,FALSE,FALSE,FALSE,FALSE,FALSE,FALSE,FALSE,FALSE,FALSE,FALSE
CoCo Fresh Tea & Juice,17183218566,3.5,"39-22 Main St, Flushing, NY 11354",39-22 Main St,Flushing,"Coffee & Tea, Juice Bars & Smoothies, Bubble Tea",243,40.75958,-73.8305,"['There are so many bubble tea options in Flushing, but I always come back to Coco. My go-to is usually the two ladies (bubbles + pudding), but I also enjoy...', 'Ordered an iced mango green tea without ice and no toppings around 9pm after most other boba tea spots are closed for the night in Flushing. Got it with...', 'Desperation calls for CoCo and no other time. You can taste the powder flavor in drinks but when you have no other option, CoCo gets the job done. Quality...']",nyc_boba,TRUE,FALSE,FALSE,TRUE,TRUE,TRUE,FALSE,FALSE,FALSE,FALSE,FALSE,FALSE,FALSE,FALSE,FALSE,FALSE,FALSE,FALSE,FALSE,FALSE,FALSE,FALSE,FALSE,FALSE,FALSE,FALSE,FALSE,FALSE,FALSE
Coffee Story,19296552224,4.5,"152-22 Northern Blvd, Flushing, NY 11354",152-22 Northern Blvd,Flushing,"Coffee & Tea, Bubble Tea, Sandwiches",38,40.7647006,-73.8121653,"[""The sandwich is generously stuffed with fresh lettuce, tomatoes and fillings of your own choice. I've ordered Wasabi Crab Sandwich and Almond Cranberry..."", 'My boyfriend and I wanted to go to a cafe for lunch, and we decided to come here! The outside decor is so cute, and I can definitely see myself sitting in...', ""Helpful tip: there's two stores to the right is the cafe the left is a restaurant that I wish I tried too. \n\nI got this before my drive back up to boston...""]",nyc_boba,FALSE,FALSE,FALSE,TRUE,TRUE,FALSE,FALSE,FALSE,FALSE,FALSE,FALSE,FALSE,FALSE,FALSE,FALSE,FALSE,FALSE,FALSE,FALSE,TRUE,FALSE,FALSE,FALSE,FALSE,FALSE,FALSE,FALSE,FALSE,FALSE
Yomie's Rice x Yogurt,19175635676,4,"135-28 Roosevelt Ave, Unit B, Flushing, NY 11354",135-28 Roosevelt Ave,Flushing,"Juice Bars & Smoothies, Bubble Tea, Ice Cream & Frozen Yogurt",82,40.75907,-73.83095,"['Great yogurt rich and creamy. Quick and courteous service too!  A great yogurt smoothie place in Flushing, NY with healthy selection and wide variety of...', 'This location is newly renovated and there was some promotion going on so the store was quite crowded. I ordered a passionfruit yogurt for pickup and it was...', 'This is a rather unique drink shop and I believe judging by their website that they are based in Indonesia. This was the first location I tried but there...']",nyc_boba,TRUE,FALSE,FALSE,TRUE,FALSE,TRUE,FALSE,FALSE,FALSE,TRUE,FALSE,FALSE,FALSE,FALSE,FALSE,FALSE,FALSE,FALSE,FALSE,FALSE,FALSE,FALSE,FALSE,FALSE,FALSE,FALSE,FALSE,FALSE,FALSE
Machi Machi,13477034976,3.5,"133-36 39th Ave, Flushing, NY 11354",133-36 39th Ave,Flushing,Bubble Tea,26,40.76006847,-73.83375553,"['Pros:\n- inside Tangram mall which was gave easy access to eat different foods \n- promotion for free drink is available \n- drink tasted really good. I...', '＊Strawberry Latte w/ Panna Cotta \nI love this Strawberry Milk so Machi! The sugar level was fixed but the strawberry milk was naturally sweet and without...', ""Novelty drink that was overpriced ($9 for this grapefruit green tea)--what's new? The flavor was great, and there's a layer of jelly at the bottom. But for...""]",nyc_boba,FALSE,FALSE,FALSE,TRUE,FALSE,FALSE,FALSE,FALSE,FALSE,FALSE,FALSE,FALSE,FALSE,FALSE,FALSE,FALSE,FALSE,FALSE,FALSE,FALSE,FALSE,FALSE,FALSE,FALSE,FALSE,FALSE,FALSE,FALSE,FALSE
TSAôCAA,17183535937,3,"38-04 Prince St, Flushing, NY 11354",38-04 Prince St,Flushing,Bubble Tea,69,40.759908,-73.832656,"['Stayed in the area and needed something refreshing after walking those NY blocks. It was refreshing and delicious. Its cash only.', 'Pros:\n- my friend liked the drinks and thought it tasted good\n- speedy service \n- good ventilation \n\nCons:\n- both drinks tasted sour. We chose 100% sugar...', 'Come here for some amazing fried chicken, bubble waffles, and boba drinks! They have multiple locations around NYC and I recently stopped by the Flushing...']",nyc_boba,TRUE,FALSE,FALSE,TRUE,FALSE,FALSE,FALSE,FALSE,FALSE,FALSE,FALSE,FALSE,FALSE,FALSE,FALSE,FALSE,FALSE,FALSE,FALSE,FALSE,FALSE,FALSE,FALSE,FALSE,FALSE,FALSE,FALSE,FALSE,FALSE
Bing Ling Tea,17185003788,4.5,"61-18 190th St, Fresh Meadows, NY 11365",61-18 190th St,Fresh Meadows,Bubble Tea,43,40.74047379,-73.7845543,"[""Best boba place. people are nice and friendly as well as drinks are warm and fresh. it's become one of my go to store for boba ."", 'I was about to go into the new Duck Donuts, when I spotted this fairly new boba shop and I knew I had to go in. On the corner of the Fresh Meadows shopping...', ""Food/Drink: Their drinks were tasteful. They were not too sweet and didn't have any added sugar. When I originally walked in, I was unaware that they used...""]",nyc_boba,TRUE,FALSE,FALSE,TRUE,FALSE,FALSE,FALSE,FALSE,FALSE,FALSE,FALSE,FALSE,FALSE,FALSE,FALSE,FALSE,FALSE,FALSE,FALSE,FALSE,FALSE,FALSE,FALSE,FALSE,FALSE,FALSE,FALSE,FALSE,FALSE
Gong Cha,17187622874,3.5,"40-06 Union St, Flushing, NY 11354",40-06 Union St,Flushing,Bubble Tea,87,40.76022385,-73.82647858,"[""Being one of the closest bubble tea spots near me it's my go-to. Reliable and decent. GongCha being a big chain has made its mark. Im sure there are other..."", 'One of my favorite Milk tea spots. Their boba is definitely the best. Never disappoints!', 'I ordered an Ai-yu black tea today.  I tried to finish my drink but there were a lot of Ai-yu at the bottom of the cup.  So I opened the cover to scoop up...']",nyc_boba,TRUE,FALSE,FALSE,TRUE,FALSE,FALSE,FALSE,FALSE,FALSE,FALSE,FALSE,FALSE,FALSE,FALSE,FALSE,FALSE,FALSE,FALSE,FALSE,FALSE,FALSE,FALSE,FALSE,FALSE,FALSE,FALSE,FALSE,FALSE,FALSE
Kung Fu Tea,17183958297,3.5,"136-20 38th Ave, Flushing, NY 11354",136-20 38th Ave,Flushing,"Coffee & Tea, Bubble Tea, Juice Bars & Smoothies",289,40.7606726,-73.829559,"[""I love this one! It's located in the basement in new world mall. The slushy's are always soo good. I also like the teas. The people that work here are..."", 'Been here many times over the yrs. Customer service can be better. Anyway, got a passionfruit green tea with mango popping boba last time. It was almost $5....', 'Drink tasted great, come here all the time!  Ordered a kft green milk tea will recommended!']",nyc_boba,FALSE,FALSE,FALSE,TRUE,TRUE,TRUE,FALSE,FALSE,FALSE,FALSE,FALSE,FALSE,FALSE,FALSE,FALSE,FALSE,FALSE,FALSE,FALSE,FALSE,FALSE,FALSE,FALSE,FALSE,FALSE,FALSE,FALSE,FALSE,FALSE
Sweet Cats Cafe,19292183130,3.5,"35-21 Farrington St, Flushing, NY 11354",35-21 Farrington St,Flushing,"Arcades, Desserts, Bubble Tea",95,40.763856,-73.83124,"[""Cute and pleasantt! Came with friends and we were all satisfied with what we got. there's many areas to take photos Besides the claw machines, they also..."", 'Machines are completely rigged and not even to the acceptable amount like Round 1. $40 of play later ($2 per play) had to buy this out for $15. $55 for a...', ""I was really excited to come here but was greatly disappointed when I arrived. \n\nThis cafe itself is more on the outskirts of Flushing so you'll have to do...""]",nyc_boba,TRUE,TRUE,FALSE,TRUE,FALSE,FALSE,FALSE,FALSE,TRUE,FALSE,FALSE,FALSE,FALSE,FALSE,FALSE,FALSE,FALSE,TRUE,FALSE,FALSE,FALSE,FALSE,FALSE,FALSE,FALSE,FALSE,FALSE,FALSE,FALSE
Möge Tee,13473684129,5,"157-08 Northern Blvd, New York, NY 11354",157-08 Northern Blvd,New York,Bubble Tea,2,40.76352,-73.8078,"['New Moge Tee location. Very convenient.\nA few small tables and window seating inside. Two self ordering kiosks if you prefer not speaking to someone. Music...', ""New Moge location next to Mad for Chicken! So glad they opened a new spot - now we don't have to make the drive to the Bayside or Fresh Meadows location...""]",nyc_boba,TRUE,FALSE,FALSE,TRUE,FALSE,FALSE,FALSE,FALSE,FALSE,FALSE,FALSE,FALSE,FALSE,FALSE,FALSE,FALSE,FALSE,FALSE,FALSE,FALSE,FALSE,FALSE,FALSE,FALSE,FALSE,FALSE,FALSE,FALSE,FALSE
Yaya Tea - Flushing,13475698252,4,"135-15 40th Rd, Flushing, NY 11354",135-15 40th Rd,Flushing,"Bubble Tea, Coffee & Tea, Japanese",12,40.75875,-73.83105,"[""Yummy! They're located in a small food hall, right at the entrance. Service was quick and easy. I really loved how their menu items had creative names like..."", ""Q\n\nQuick grab for boba. Fast boba at hand, k-pop music lol. Try everything here that's for sure."", 'I never had an onigiri before so it was my first time trying the Japanese street style snack on the go! I was craving it because what Onigiri consist of is...']",nyc_boba,FALSE,FALSE,TRUE,TRUE,TRUE,FALSE,FALSE,FALSE,FALSE,FALSE,FALSE,FALSE,FALSE,FALSE,FALSE,FALSE,FALSE,FALSE,FALSE,FALSE,TRUE,FALSE,FALSE,FALSE,FALSE,FALSE,FALSE,FALSE,FALSE
Happy Lemon,13473684023,4,"133-35 Roosevelt Ave, Ste 11, Flushing, NY 11354",133-35 Roosevelt Ave,Flushing,"Taiwanese, Bubble Tea, Juice Bars & Smoothies",147,40.75898,-73.83325,"['I love their Fresh Lemon Green Tea. It is my go to drink especially during the summer season when I crave a cool refreshing lemon taste. \n\nI tried finding...', ""Whenever my sister and I are in Flushing, either together or separately, we'll usually stop by the New York Food Court (#1) for some Happy Lemon. But,..."", 'Taiwanese boba tea chain that has been the innovator of trends such as the rock salt cheese foam since 2006 and the layering of temperature and texture with...']",nyc_boba,FALSE,FALSE,FALSE,TRUE,FALSE,TRUE,TRUE,FALSE,FALSE,FALSE,FALSE,FALSE,FALSE,FALSE,FALSE,FALSE,FALSE,FALSE,FALSE,FALSE,FALSE,FALSE,FALSE,FALSE,FALSE,FALSE,FALSE,FALSE,FALSE
YanYan Tea,19175403588,4,"135-03A Roosevelt Ave, Flushing, NY 11354",135-03A Roosevelt Ave,Flushing,Bubble Tea,53,40.759241,-73.831772,"['I love their milk tea w their square tapioca topping. Its a texture like no other. My must drink when I am in Flushing. Something about it, is just so good...', ""I heard good reviews about this bubble tea place and gave it a try when I was in flushing. The location is great and you won't miss it. \n\nI actually don't..."", ""I can't seem to find the exact thing I ordered, but I was here over the summer on vacation (still catching up on NYC reviews) and we stopped by after dinner...""]",nyc_boba,TRUE,FALSE,FALSE,TRUE,FALSE,FALSE,FALSE,FALSE,FALSE,FALSE,FALSE,FALSE,FALSE,FALSE,FALSE,FALSE,FALSE,FALSE,FALSE,FALSE,FALSE,FALSE,FALSE,FALSE,FALSE,FALSE,FALSE,FALSE,FALSE
I’Milky 沐白 - Flushing,17185685884,3,"37-12 Prince St, Flushing, NY 11354",37-12 Prince St,Flushing,"Bubble Tea, Juice Bars & Smoothies, Taiwanese",21,40.76038,-73.83291,"[""I recommend the i'Milky Premium Black Milk Tea. Classic and good quality tea. You can't go wrong!! Coming from California, this was one of the better milk..."", 'Rice balls are great! \nBubble teas are great! \n\nThe service was fast. The wait was about 5 mins to get the order. \n\nI love their combo. I got to buy a drink...', ""This review is purely just on the tuna riceball. As I was opening it, I could already tell it wouldn't be good because the rice wasn't stuck together AND it...""]",nyc_boba,TRUE,FALSE,TRUE,TRUE,FALSE,TRUE,TRUE,FALSE,FALSE,FALSE,FALSE,FALSE,FALSE,FALSE,FALSE,FALSE,FALSE,FALSE,FALSE,FALSE,FALSE,FALSE,FALSE,FALSE,FALSE,FALSE,FALSE,FALSE,FALSE
Möge Tee,16467586266,2.5,"42-35 Main st, Unit D, Flushing, NY 11354",42-35 Main st,Flushing,Bubble Tea,18,40.754764,-73.827512,"['Quick service - delish bubble tea drinks! Ordered four drinks for my family for an evening post dinner delight. The drinks here are refreshing. Do note -...', 'Pretty average place. Sometime the store is empty and you get your drink fast but sometimes they are short staff and takes a bit to get to your order but...', 'Awesome bubble tea shop and  its products are fresh, and taste really good. They are different than  other bubble tea shops: Coco, KungFu Tea, etc. They...']",nyc_boba,TRUE,FALSE,TRUE,TRUE,FALSE,FALSE,FALSE,FALSE,FALSE,FALSE,FALSE,FALSE,FALSE,FALSE,FALSE,FALSE,FALSE,FALSE,FALSE,FALSE,FALSE,FALSE,FALSE,FALSE,FALSE,FALSE,FALSE,FALSE,FALSE
The Whale Tea,NA,3.5,"25-25 Parsons Blvd, Queens, NY 11354",25-25 Parsons Blvd,Queens,Bubble Tea,18,40.77607864,-73.8235971,"['Finally a good bubble tea store near Whitestone that has a parking lot. There is just so much pedestrians and cars in flushing that deters me from going...', ""The bubble tea shop is inside a pho restaurant of this shopping area.\n\nBased on employee's suggestion, I ordered the whale special(?) that includes coconut..."", 'This area was missing a bubble tea option for quite some time. I only really come this way when I have to make a Target run, which is pretty frequent I...']",nyc_boba,TRUE,FALSE,FALSE,TRUE,FALSE,FALSE,FALSE,FALSE,FALSE,FALSE,FALSE,FALSE,FALSE,FALSE,FALSE,FALSE,FALSE,FALSE,FALSE,FALSE,FALSE,FALSE,FALSE,FALSE,FALSE,FALSE,FALSE,FALSE,FALSE
Meet Fresh ,19294688682,4,"133-36 37th Ave, Unit F11, Flushing, NY 11354",133-36 37th Ave,Flushing,"Bubble Tea, Desserts",177,40.76046,-73.83369,"['Located inside Tangram mall 2/F.   First time visit.  I ordered Ube and Taro paste signature $12.  I found out later you can order from the one self serve...', 'The chocolate boba caramel jelly soft serve was perfect. It was my first time tasting such combinations and it was my most memorable bite from the trip....', ""I'm a huge fan of bubble tea and passed by this place and thought it looked interesting! We waited behind a bunch of kids for like 20 minutes for the kiosk...""]",nyc_boba,TRUE,FALSE,FALSE,TRUE,FALSE,FALSE,FALSE,FALSE,TRUE,FALSE,FALSE,FALSE,FALSE,FALSE,FALSE,FALSE,FALSE,FALSE,FALSE,FALSE,FALSE,FALSE,FALSE,FALSE,FALSE,FALSE,FALSE,FALSE,FALSE
Gong Cha,17183537327,3.5,"136-20 Roosevelt Ave, Flushing, NY 11354",136-20 Roosevelt Ave,Flushing,Bubble Tea,144,40.759645,-73.829045,"[""Good boba, I'd put just above KFT for their wide variety of flavors.\n\nTapioca is in between soft and medium chewy. Herbal jellies tasted a little like nail..."", 'There are three bubble tea places in the New World Mall food court.\n\nThere is a one hour and fifteen minute line to order at Tiger Sugar, which is next door...', ""I tried Gong Cha three times and each time the drink didn't taste good so I will not be returning. Gong Cha is supposed to be known for its quality teas but...""]",nyc_boba,TRUE,FALSE,TRUE,TRUE,FALSE,FALSE,FALSE,FALSE,FALSE,FALSE,FALSE,FALSE,FALSE,FALSE,FALSE,FALSE,FALSE,FALSE,FALSE,FALSE,FALSE,FALSE,FALSE,FALSE,FALSE,FALSE,FALSE,FALSE,FALSE
Tiger Hill,NA,3.5,"136-49 Roosevelt Ave, Ste 1, Flushing, NY 11354",136-49 Roosevelt Ave,Flushing,Bubble Tea,15,40.76027,-73.82834,"['Big big fan of tiger hill. \nOnly complaint is that, they seem to be a lil cheap on the bubbles and brown sugar.', 'I was honestly looking for tiger sugar, but it was to far. This place popped up and I was honestly confused because the package and branding looks so...', 'Tiger Hill (老虎山黑糖专売店) is yet another bubble tea chain from China to open up shop in Downtown Flushing. Among the opening promotions are 10% off one, and buy...']",nyc_boba,TRUE,FALSE,FALSE,TRUE,FALSE,FALSE,FALSE,FALSE,FALSE,FALSE,FALSE,FALSE,FALSE,FALSE,FALSE,FALSE,FALSE,FALSE,FALSE,FALSE,FALSE,FALSE,FALSE,FALSE,FALSE,FALSE,FALSE,FALSE,FALSE
Gong Cha,19293290100,5,"159-17 Northern Blvd, Flushing, NY 11358",159-17 Northern Blvd,Flushing,Bubble Tea,16,40.76319608,-73.80590055,"[""I'm so glad there's a Gong Cha around, so I can get my bubble tea fix whenever I'm in the neighborhood! The three of us came after having lunch at a..."", 'This Gong Cha location has some sweet offerings besides the classic drink menu and toppings. On this visit, I ordered the strawberry Matcha. Nothing like...', ""Standard Gongcha. Drinks didn't take long. I asked for strawberry taro and I expected the color aesthetic but they shook it up for me. It had less sugar...""]",nyc_boba,TRUE,FALSE,TRUE,TRUE,FALSE,FALSE,FALSE,FALSE,FALSE,FALSE,FALSE,FALSE,FALSE,FALSE,FALSE,FALSE,FALSE,FALSE,FALSE,FALSE,FALSE,FALSE,FALSE,FALSE,FALSE,FALSE,FALSE,FALSE,FALSE
Momo Ashi,NA,3.5,"147-05 45th Ave, Flushing, NY 11355",147-05 45th Ave,Flushing,"Bubble Tea, Coffee & Tea, Waffles",18,40.7556442,-73.8151292,"[""While I'm not the biggest fan of the tea at Momo Ashi, I am drawn by the pink aesthetic. This location is the only boba spot close to Flushing Hospital so I..."", ""First time trying at this location and it's so cute. We got the mango slush and mango yakult both were so good and flavorful. Can't wait to try out more!"", 'Oh my god lol. Stopped by this evening for drinks and mochi waffles and saw the biggest cockroach in my entire LIFE crawling thru the store. It crawled up...']",nyc_boba,FALSE,FALSE,FALSE,TRUE,TRUE,FALSE,FALSE,FALSE,FALSE,FALSE,FALSE,FALSE,FALSE,FALSE,FALSE,FALSE,FALSE,FALSE,FALSE,FALSE,FALSE,TRUE,FALSE,FALSE,FALSE,FALSE,FALSE,FALSE,FALSE
Flower Bloom Tea,NA,3.5,"133-63 41st Rd, Queens, NY 11355",133-63 41st Rd,Queens,Bubble Tea,2,40.75723019,-73.83008,"['Just opened today with a BOGO special. Lion dance and drumming were performed to wish this new business prosperity and good luck. There are so many Asian...', ""Not sure if I've chosen the wrong drink or whatnot but even with whipped cream + no ice and 70% sugar, the Taoxi Qingqian (桃溪清淺) still tastes bland and...""]",nyc_boba,TRUE,FALSE,FALSE,TRUE,FALSE,FALSE,FALSE,FALSE,FALSE,FALSE,FALSE,FALSE,FALSE,FALSE,FALSE,FALSE,FALSE,FALSE,FALSE,FALSE,FALSE,FALSE,FALSE,FALSE,FALSE,FALSE,FALSE,FALSE,FALSE
Möge Tee,17185696666,3.5,"61-12 182nd Street, Flushing, NY 11365",61-12 182nd Street,Flushing,Bubble Tea,83,40.73865,-73.79205,"['Drinks here are so good and fresh, definitely one of my fave bubble tea spots. Also digging that they added food items to the menu, since the bakery across...', ""I'm sad to write this review as I'm not sure what happened. Their mango yogurt fruit tea has been absolutely amazing the last 3 times but I just got my..."", 'Drinks are pretty good overall but not good all the time. When I first got the Lemon Yakult, it was pretty good but I came back for it the second time and...']",nyc_boba,TRUE,FALSE,TRUE,TRUE,FALSE,FALSE,FALSE,FALSE,FALSE,FALSE,FALSE,FALSE,FALSE,FALSE,FALSE,FALSE,FALSE,FALSE,FALSE,FALSE,FALSE,FALSE,FALSE,FALSE,FALSE,FALSE,FALSE,FALSE,FALSE
Snack Mood,17187990150,4,"198-08 33rd Ave, Flushing, NY 11358",198-08 33rd Ave,Flushing,"Bubble Tea, Cafes, Desserts",40,40.76743,-73.789997,"[""TLDR: Snack Mood is a solid HKish cafe off of Franny Lew by Gyro Corner. Skewers seem to be the jam but I'm a big fan of the breakfast sets.\n\nI'm not sure..."", ""Cozy snack shack serving grilled skewers, HK Cafe food and other quick fire entrees. Think rice noodles, fish balls, rice plates and bubble tea. It's a..."", 'I love the skewers here! Come here for the skewers!!\n\nI was glad I came by Snack Mood!  A small spot with a lot of bang in their flavor!  It is small, yet...']",nyc_boba,FALSE,FALSE,FALSE,TRUE,FALSE,FALSE,FALSE,FALSE,TRUE,FALSE,FALSE,FALSE,FALSE,FALSE,TRUE,FALSE,FALSE,FALSE,FALSE,FALSE,FALSE,FALSE,FALSE,FALSE,FALSE,FALSE,FALSE,FALSE,FALSE
Coconut&More,19298956755,4.5,"90-15 Queens Blvd, Elmhurst, NY 11373",90-15 Queens Blvd,Elmhurst,"Juice Bars & Smoothies, Bubble Tea",3,40.73462,-73.87094,"[""When I initially looked for this spot I didn't realize that it was part of the Hokkaido Baked Cheese Tart kiosk. (Right next to Bath & Body Works)...."", ""FYI, this is the same store as the Hokkaido Baked Cheese Tart. \n\nI only got the mango coconut milk because they didn't have any of the pudding at the time...."", 'While shopping at the Queens Center Mall recently, I happened upon a new drink stall.  Located on the 2nd floor and sharing the same stall with Hokkaido...']",nyc_boba,FALSE,FALSE,FALSE,TRUE,FALSE,TRUE,FALSE,FALSE,FALSE,FALSE,FALSE,FALSE,FALSE,FALSE,FALSE,FALSE,FALSE,FALSE,FALSE,FALSE,FALSE,FALSE,FALSE,FALSE,FALSE,FALSE,FALSE,FALSE,FALSE
Cafe Toast,13477324301,4,"4106 163rd St, Flushing, NY 11358",4106 163rd St,Flushing,"Coffee & Tea, Bakeries, Bubble Tea",34,40.76125,-73.8030871,"['We stopped by on a Thursday morning for breakfast. I ordered the honey toast initially - a little sweet, but satisfied my sweet tooth... crunchy edges,...', ""Flushing is a sea of cafes, bakeries, and quick bites.  And at first glace, Cafe Toast seems to be another one of these...and it is!  But it's not crowded..."", 'This cafe is right by the Broadway LIRR station. A great stop for a quick cup of coffee, pastries and sandwiches. The pastries offered here are unique and...']",nyc_boba,FALSE,FALSE,FALSE,TRUE,TRUE,FALSE,FALSE,FALSE,FALSE,FALSE,FALSE,FALSE,FALSE,FALSE,FALSE,TRUE,FALSE,FALSE,FALSE,FALSE,FALSE,FALSE,FALSE,FALSE,FALSE,FALSE,FALSE,FALSE,FALSE
Vivi Bubble Tea,17188867600,3.5,"41-42 Main St, Flushing, NY 11355",41-42 Main St,Flushing,"Taiwanese, Bubble Tea, Juice Bars & Smoothies",23,40.756965,-73.829318,"['Who wants to Vivi forever? Well we kinda do.\n\nWe are big fans of all kinds of boba chains and some have really good products and some of them are less...', ""Considering all boba shops popping up all throughout Flushing, it's hard to consider Vivi as a major contender even if it is a more well known chain..."", ""Not a bad little spot in the heart of Flushing Queens (on Main Street between Sanford and 41). It's located in the front of one of the many mini malls in...""]",nyc_boba,TRUE,FALSE,FALSE,TRUE,FALSE,TRUE,TRUE,FALSE,FALSE,FALSE,FALSE,FALSE,FALSE,FALSE,FALSE,FALSE,FALSE,FALSE,FALSE,FALSE,FALSE,FALSE,FALSE,FALSE,FALSE,FALSE,FALSE,FALSE,FALSE
The Whale Tea,19172596564,3,"60-05 Kissena Blvd, Flushing, NY 11355",60-05 Kissena Blvd,Flushing,Bubble Tea,5,40.73957636,-73.8147805,"['Flushing is completely saturated with bubble tea joints but for some reason, I still get excited whenever a new one opens.  This new bubble tea place called...', 'They have sushi now. I recommend the spicy salmon roll. The bubble tea is not good, tea too sweet and boba too soft.', ""Will not going back again!! I saw amazing review on Yelp about this taro milk tea so I went there looking for it. But they don't have it. To be honest the...""]",nyc_boba,TRUE,FALSE,TRUE,TRUE,FALSE,FALSE,FALSE,FALSE,FALSE,FALSE,FALSE,FALSE,FALSE,FALSE,FALSE,FALSE,FALSE,FALSE,FALSE,FALSE,FALSE,FALSE,FALSE,FALSE,FALSE,FALSE,FALSE,FALSE,FALSE
Anda Cafe,NA,3.5,"6002 Main St, Flushing, NY 11355",6002 Main St,Flushing,"Bubble Tea, Sushi Bars, Cafes",31,40.74305806,-73.825889,"['I love the boba here sm. This place has a place in my heart when it comes to boba. There drinks are so good and there prices are amazing compared to other...', 'I thought I would grab a quick drink at the closest boba spot to me and happened upon Anda Cafe. They also offer fried snacks and sushi too. As there is no...', 'They have a nice selection of boba and teas. Their milk tea selection is not as big but has staples. However they have a lot of different refreshers,...']",nyc_boba,FALSE,TRUE,FALSE,TRUE,FALSE,FALSE,FALSE,FALSE,FALSE,FALSE,FALSE,FALSE,FALSE,FALSE,TRUE,FALSE,FALSE,FALSE,FALSE,FALSE,FALSE,FALSE,TRUE,FALSE,FALSE,FALSE,FALSE,FALSE,FALSE
Coco Fresh Tea & Juice,17183532709,3.5,"182-4 Horace Harding Expy, Flushing, NY 11365",182-4 Horace Harding Expy,Flushing,"Bubble Tea, Coffee & Tea, Juice Bars & Smoothies",101,40.7391127,-73.7916629,"['This place is my GO TO for boba and milk tea. The staff are pretty kind, the tea is made efficiently, and everything tastes great! The tapioca balls are...', ""I've been coming to this location for years. I've known the managers here for years. \n\nRecently, there has been in change in staff. The head manager left,..."", 'If you are looking for a decent bubble tea where the service staff is a well oiled machine, this is the place for you. \n\nI am convinced that bubble tea...']",nyc_boba,TRUE,FALSE,FALSE,TRUE,TRUE,TRUE,FALSE,FALSE,FALSE,FALSE,FALSE,FALSE,FALSE,FALSE,FALSE,FALSE,FALSE,FALSE,FALSE,FALSE,FALSE,FALSE,FALSE,FALSE,FALSE,FALSE,FALSE,FALSE,FALSE
Sweet Cats Cafe,19292183130,4,"168-17 Union Tpke, Fresh Meadows, NY 11366",168-17 Union Tpke,Fresh Meadows,"Desserts, Bubble Tea, Custom Cakes",233,40.723314,-73.799678,"['Come here for the claw machine & bubble treat! Popcorn chicken is worth it too!\nThe desserts and drinks are yummy too.', ""A cute place with claw machine and food and boba! It's a nice place on union tpke although the sweets are just okay. I wouldn't go back for a while since..."", 'The decor used to be a lot cuter. Snacks are pretty good, and good options on bubble tea. Service on the other hand is why I deduct 2 stars. Always takes a...']",nyc_boba,TRUE,TRUE,TRUE,TRUE,FALSE,FALSE,FALSE,FALSE,TRUE,FALSE,FALSE,FALSE,FALSE,FALSE,FALSE,FALSE,FALSE,FALSE,FALSE,FALSE,FALSE,FALSE,FALSE,TRUE,FALSE,FALSE,FALSE,FALSE,FALSE
TBaar,17183593300,4,"136-20 Roosevelt Ave, Flushing, NY 11355",136-20 Roosevelt Ave,Flushing,"Bubble Tea, Juice Bars & Smoothies, Tea Rooms",78,40.759362,-73.8290939,"[""Got a bunch of drinks here with friends and they surprisingly didn't take that long to make everything. Our drinks were still cold and refreshing. Great..."", ""Best drink shop ever for me. I tried dragon fruit tea and berry mix mojito. It was so good. Too bad they don't have one in Virginia. I would drink it everyday."", ""Didn't try the bubble tea but got an orange mango smoothie, which was a little sweet but still pretty good. ~$7 for a large.""]",nyc_boba,FALSE,FALSE,FALSE,TRUE,FALSE,TRUE,FALSE,TRUE,FALSE,FALSE,FALSE,FALSE,FALSE,FALSE,FALSE,FALSE,FALSE,FALSE,FALSE,FALSE,FALSE,FALSE,FALSE,FALSE,FALSE,FALSE,FALSE,FALSE,FALSE
Tiger Sugar,NA,3.5,"90-15 Queens Blvd, Ste 105, Elmhurst, NY 11373",90-15 Queens Blvd,Elmhurst,"Bubble Tea, Coffee & Tea, Desserts",10,40.7342321,-73.8708844,"['Got lychee bursting boba black tea ($6.75)  which was pretty good. I believe they can only reduce the sugar by 50% tho. You can taste both the lychee & the...', ""This Taro pudding tasted different from all the taros I've tried, the pearls were so tender you don't have to worry if kids try, cause it's THAT tender..."", 'Was happy to see that they opened Tiger Sugar in Queens Center Mall! Now, I do not need to travel to Flushing or the city just to get my Tiger Sugar boba...']",nyc_boba,FALSE,FALSE,TRUE,TRUE,TRUE,FALSE,FALSE,FALSE,TRUE,FALSE,FALSE,FALSE,FALSE,FALSE,FALSE,FALSE,FALSE,FALSE,FALSE,FALSE,FALSE,FALSE,FALSE,FALSE,FALSE,FALSE,FALSE,FALSE,FALSE
Nuan Xin Rice Roll 暖心飯糰,19299991050,4.5,"136 - 55 Roosevelt Ave, Flushing, NY 11354",136 - 55 Roosevelt Ave,Flushing,"Bubble Tea, Taiwanese",3,40.76028381,-73.8281716,"['BLUF: A new variation on rice balls in Downtown Flushing. 3 stars (out of 5) for food, plus 1 star for uniqueness.\n\nNuan Xin Rice Roll (暖心飯糰; ""heart-warming...', '@nuanxinriceroll New in Flushing\n136-55 Roosevelt Avenue \nInside the same complex as Dimsum Garden Express and TaiPei Hong - it is the second vendor to the...', 'Good portion, fast service and friendly staff.  Tried a variety of flavors and loved them all!']",nyc_boba,TRUE,FALSE,FALSE,TRUE,FALSE,FALSE,TRUE,FALSE,FALSE,FALSE,FALSE,FALSE,FALSE,FALSE,FALSE,FALSE,FALSE,FALSE,FALSE,FALSE,FALSE,FALSE,FALSE,FALSE,FALSE,FALSE,FALSE,FALSE,FALSE
39 Kings Cafe,17189393330,4,"39-07 Prince St, Flushing, NY 11354",39-07 Prince St,Flushing,"Dim Sum, Bubble Tea, Hong Kong Style Cafe",148,40.75964612,-73.83219154,"[""In the vibrant tapestry that is Flushing, you'll find a little dim sum haven that hits just right. 39 Kings Cafe, It's not showy, not dressed up, just an..."", 'I haven\'t been here in YEARS (it used to be called ""Sunway Cafe"" when I was younger) and I\'m happy to see the place is still here and their quality of food...', 'The Hong Kong iced milk tea is seriously amazing here. Probably the best in flushing area. Ordered at least 100 times here already. Would recommend!']",nyc_boba,TRUE,TRUE,FALSE,TRUE,FALSE,FALSE,FALSE,FALSE,FALSE,FALSE,FALSE,FALSE,FALSE,FALSE,FALSE,FALSE,FALSE,FALSE,FALSE,FALSE,FALSE,FALSE,FALSE,FALSE,TRUE,TRUE,FALSE,FALSE,FALSE
MÖGE TEE Forest Hills,13476441702,4,"70-15A Austin Street, Forest Hills, NY 11375",70-15A Austin Street,Forest Hills,Bubble Tea,57,40.720935,-73.846291,"['The brown sugar milk tea was refreshing. The store was clean and the staff was accommodating.', ""I always love Moge! Interior is small with limited seating but it's always clean and cute. The dessert teas are good if you get it at 70% sweetness. Our..."", 'I walked into the store for pickup and it smelled like a ZOO inside. The tables and chairs were stained to the max. It almost felt like an abandoned tea...']",nyc_boba,TRUE,FALSE,FALSE,TRUE,FALSE,FALSE,FALSE,FALSE,FALSE,FALSE,FALSE,FALSE,FALSE,FALSE,FALSE,FALSE,FALSE,FALSE,FALSE,FALSE,FALSE,FALSE,FALSE,FALSE,FALSE,FALSE,FALSE,FALSE,FALSE
CoCo Fresh Tea & Juice,17186610724,3,"36-1 162nd St, Queens, NY 11358",36-1 162nd St,Queens,"Bubble Tea, Coffee & Tea, Juice Bars & Smoothies",6,40.76575,-73.80325,"[""4.5/5\n\nWe were excited for the Hoji series since a lot of the other bbt places don't offer hojicha. We got the Hoji lava milk tea and the regular hoji milk..."", ""Soo excited that a CoCo opened here so I wouldn't have to trek all the way to bell blvd! I came here on Saturday for their grand opening - they had a BOGO..."", ""Passed by this Cocos on our way to dinner around the corner & knew we had to get it after. They're quick & efficient, and drinks are pretty standard. The...""]",nyc_boba,TRUE,FALSE,TRUE,TRUE,TRUE,TRUE,FALSE,FALSE,FALSE,FALSE,FALSE,FALSE,FALSE,FALSE,FALSE,FALSE,FALSE,FALSE,FALSE,FALSE,FALSE,FALSE,FALSE,FALSE,FALSE,FALSE,FALSE,FALSE,FALSE
Gong Cha,17183533115,3.5,"40-24 College Point Blvd, Unit B-1, Flushing, NY 11354",40-24 College Point Blvd,Flushing,Bubble Tea,34,40.7572289,-73.8341357,"[""I have heard people hyping up Gong Cha for their bbtea and finally got the chance to try it with some friends and honestly - it's good but I think it's..."", 'I really like the milk tea flavor and boba texture here. However, they do not add much boba. You can see this in the photos I posted. I would prefer a...', ""Had their pearl milk tea and tasted all sugar than tea itself.  Didn't like it at all.  The staff was efficient and fast.  Next time, perhaps I'll have it...""]",nyc_boba,TRUE,FALSE,TRUE,TRUE,FALSE,FALSE,FALSE,FALSE,FALSE,FALSE,FALSE,FALSE,FALSE,FALSE,FALSE,FALSE,FALSE,FALSE,FALSE,FALSE,FALSE,FALSE,FALSE,FALSE,FALSE,FALSE,FALSE,FALSE,FALSE
Meadows Cafe,19294993559,4.5,"195-09 69th Ave, Fresh Meadows, NY 11365",195-09 69th Ave,Fresh Meadows,"Cafes, Bubble Tea, Ice Cream & Frozen Yogurt",20,40.73718808,-73.77819544,"['Very nice quaint cafe that I recently discovered in the Fresh Meadows area. Has a large amount of items, and none of them leave a bad taste in your mouth....', 'This small cafe is a great stop for a quick bite or drink. They pay attention to detail and things are made in house. It is conveniently located next to a...', 'Really wanted to love this place. They have amble parking near the Asian supermarket. Although the Hawaiian breakfast bowl was delicious, it wAs a really...']",nyc_boba,FALSE,FALSE,FALSE,TRUE,FALSE,FALSE,FALSE,FALSE,FALSE,TRUE,FALSE,FALSE,FALSE,FALSE,TRUE,FALSE,FALSE,FALSE,FALSE,FALSE,FALSE,FALSE,FALSE,FALSE,FALSE,FALSE,FALSE,FALSE,FALSE
Gong Cha,17182717372,3.5,"61-35 Junction Blvd, Rego Park, NY 11374",61-35 Junction Blvd,Rego Park,Bubble Tea,77,40.7332246,-73.862531,"[""My daughter loves this place her fave drink is black tiger milk Bobba we come often she we don't live far at all clean place very nice people."", 'Every time I go to this location they screw up my order.  I try my best to give them the benefit of the doubt since the employees are kind of young, but at...', 'Clean establishment and fast service. We ordered a large Lychee Oolong with 50% sweetness with pearls. It was $5.75 but with tax it came out to $6.26. I...']",nyc_boba,TRUE,FALSE,TRUE,TRUE,FALSE,FALSE,FALSE,FALSE,FALSE,FALSE,FALSE,FALSE,FALSE,FALSE,FALSE,FALSE,FALSE,FALSE,FALSE,FALSE,FALSE,FALSE,FALSE,FALSE,FALSE,FALSE,FALSE,FALSE,FALSE
Kissena Cafe,17188860689,3.5,"6004 Kissena Blvd, Flushing, NY 11355",6004 Kissena Blvd,Flushing,"Cafes, Bubble Tea",39,40.7395042,-73.8152871,"['Kissena Cafe used to be a Tea Shop 168 but now they sell Hong Kong style breakfast, lunch, and dinner. It is not your usual Chinese bakery because they no...', ""It's a great local cha cha tan (Hong Kong style tea house) for all your cafe cravings. Decent wonton noodles and braised brisket noodles. Their coffe or..."", ""Good café for Hong Kong cha cha breakfast or lunch. Good prices and quick service. They're not reinventing the wheel but just serving regular good food.""]",nyc_boba,TRUE,FALSE,FALSE,TRUE,FALSE,FALSE,FALSE,FALSE,FALSE,FALSE,FALSE,FALSE,FALSE,FALSE,TRUE,FALSE,FALSE,FALSE,FALSE,FALSE,FALSE,FALSE,FALSE,FALSE,FALSE,FALSE,FALSE,FALSE,FALSE
Gong Cha,19292822531,4,"90-15 Queens Blvd, Elmhurst, NY 11373",90-15 Queens Blvd,Elmhurst,Bubble Tea,48,40.734805,-73.869565,"[""I've never had Gong Cha before, even though there's so many franchises all over you go. I can't believe it, myself. So, I decided to try it here while I had..."", ""Personally, I have had great experiences with going to Gong Cha. However, I'm never going back to this specific location. Have you ever had to pay for..."", ""Tuesday, March 22,2023 12:30ish.\nDeserves negative stars due this guy's shady behavior.\nAsked where the restroom are for some older adults while some wanted...""]",nyc_boba,TRUE,FALSE,TRUE,TRUE,FALSE,FALSE,FALSE,FALSE,FALSE,FALSE,FALSE,FALSE,FALSE,FALSE,FALSE,FALSE,FALSE,FALSE,FALSE,FALSE,FALSE,FALSE,FALSE,FALSE,FALSE,FALSE,FALSE,FALSE,FALSE
Coco Fresh Tea & Juice,17188983672,3.5,"86-55 Broadway, Elmhurst, NY 11373",86-55 Broadway,Elmhurst,Bubble Tea,70,40.7370489,-73.8773001,"[""Coco is down the block from where I work. It's a little expensive but it's good bubble tea. I've been here a few times with my coworkers and haven't had any..."", 'Keepin it real out here in Elmhurst\nThis is probably a super old pic i kept forgetting to post (old bubble tea packaging) but glad Coco pulled through after...', ""This place is truly a hole in the wall. There's no place to sit and even stand around for too long as customers keep coming in. I don't understand how they...""]",nyc_boba,TRUE,FALSE,TRUE,TRUE,FALSE,FALSE,FALSE,FALSE,FALSE,FALSE,FALSE,FALSE,FALSE,FALSE,FALSE,FALSE,FALSE,FALSE,FALSE,FALSE,FALSE,FALSE,FALSE,FALSE,FALSE,FALSE,FALSE,FALSE,FALSE
C Fruit Life,17183589188,2.5,"13529 Roosevelt Ave, Flushing, NY 11354",13529 Roosevelt Ave,Flushing,"Desserts, Juice Bars & Smoothies, Bubble Tea",122,40.7593169,-73.8309479,"['A very typical tea/dessert room, although nothing fancy, but we were quite happy with our overall experience. We mainly stopped by here to chill, and also...', 'Place is okay, but there seems to be better and cheaper options nearby.\n\nThis place is good for sitting down and catching up with friends.  There are plenty...', 'Was relatively empty when I got there. The pottery for the purees and more traditional desserts are cute.\n\nOrdered:\n\n- Ice mango ($6.95) - your typical...']",nyc_boba,TRUE,FALSE,FALSE,TRUE,FALSE,TRUE,FALSE,FALSE,TRUE,FALSE,FALSE,FALSE,FALSE,FALSE,FALSE,FALSE,FALSE,FALSE,FALSE,FALSE,FALSE,FALSE,FALSE,FALSE,FALSE,FALSE,FALSE,FALSE,FALSE
Kung Fu Tea,17182633631,3.5,"70-10 Austin St, Ste 3, Forest Hills, NY 11375",70-10 Austin St,Forest Hills,"Coffee & Tea, Bubble Tea, Juice Bars & Smoothies",163,40.72073932,-73.84681965,"[""I've been to this location and the one in the K-Town market. I've ordered the mango snow with the mango popping bubbles and it's been so yummy both times. I..."", 'I tried this spot with $2 off from t mobile tuesdays. It was great to get the discount! This location is also conveniently right by the Forest Hills...', ""This location is always busy.\n\nCame here on a Saturday afternoon.  The employee taking the order is efficient though not friendly since it's non-stop...""]",nyc_boba,FALSE,FALSE,TRUE,TRUE,TRUE,TRUE,FALSE,FALSE,FALSE,FALSE,FALSE,FALSE,FALSE,FALSE,FALSE,FALSE,FALSE,FALSE,FALSE,FALSE,FALSE,FALSE,FALSE,FALSE,FALSE,FALSE,FALSE,FALSE,FALSE
Kung Fu Tea,17183212886,3,"136-20 Roosevelt Ave, Ste 7, Flushing, NY 11354",136-20 Roosevelt Ave,Flushing,"Bubble Tea, Coffee & Tea, Juice Bars & Smoothies",52,40.75933,-73.829155,"['Milk tea was so yummy & the boba tasted really good!!! Quick service in the mall food court.', 'They have a very unique and addictive flavor. But little bit pricey. Sides dishes are delicious. Try to avoid curly fried, they are always soggy. \nMy...', 'Always an excellent bubble tea! They quality is phenomenal and the fact that they have many flavors is excellent. Their king fu flavor is a strong black...']",nyc_boba,FALSE,FALSE,TRUE,TRUE,TRUE,TRUE,FALSE,FALSE,FALSE,FALSE,FALSE,FALSE,FALSE,FALSE,FALSE,FALSE,FALSE,FALSE,FALSE,FALSE,FALSE,FALSE,FALSE,FALSE,FALSE,FALSE,FALSE,FALSE,FALSE
U-Crew Thai Creamery & Tea,19176986662,3.5,"103-22 Roosevelt Ave, Corona, NY 11368",103-22 Roosevelt Ave,Corona,"Bubble Tea, Creperies, Desserts",13,40.749588,-73.861987,"['Bubble bubble! Bubble tea! Nice experience to see how the boba are made before you drink it!\n\nLocation: it is located in Corona Queens, the interior is okay...', 'We decided to have some fun drinks delivered and we found these drinks in lightbulb containers that light up!', 'This place just opened 3 days ago and I just had to come in and try it when I saw thai creamery and the buy one get one advertisement was definitely the...']",nyc_boba,FALSE,FALSE,TRUE,TRUE,FALSE,FALSE,FALSE,FALSE,TRUE,FALSE,FALSE,FALSE,FALSE,FALSE,FALSE,FALSE,FALSE,FALSE,FALSE,FALSE,FALSE,FALSE,FALSE,FALSE,FALSE,FALSE,TRUE,FALSE,FALSE
Little Starry Cafe,13479252092,5,"4836 90th St, New York, NY 11373",4836 90th St,New York,"Bubble Tea, Custom Cakes",2,40.74037244,-73.87465506,"['Little Starry Cafe is the kind of place I love to get yummy drinks like the mango pomelo sago or strawberry sago. They also have a variety of milk teas,...', 'I stumbled upon Little Starry Cakes on Instagram and decided to order my customized birthday cake from here due to their cute and minimalist designs! Stella...']",nyc_boba,FALSE,FALSE,FALSE,TRUE,FALSE,FALSE,FALSE,FALSE,FALSE,FALSE,FALSE,FALSE,FALSE,FALSE,FALSE,FALSE,FALSE,FALSE,FALSE,FALSE,FALSE,FALSE,FALSE,TRUE,FALSE,FALSE,FALSE,FALSE,FALSE
Crepe N Tearia,17183800887,3.5,"177-07 Union Tpke, Fresh Meadows, NY 11366",177-07 Union Tpke,Fresh Meadows,"Creperies, Tea Rooms, Bubble Tea",182,40.7262611,-73.7907523,"['The best almond milk bubble tea! I have gone to many other places for almond milk bubble tea but nothing compares to this one. They make it fresh right in...', 'Food Service and Ambiance are great. People behind the counter are friendly and helpful. The bubble teas are sweet but not clawingly so. The coffee flavor...', 'I always come and bring my daughter here to get some boba tea. After covid they have not allowed anyone to sit inside. So you basically walk in and order to...']",nyc_boba,FALSE,TRUE,FALSE,TRUE,FALSE,FALSE,FALSE,TRUE,FALSE,FALSE,FALSE,FALSE,FALSE,FALSE,FALSE,FALSE,FALSE,FALSE,FALSE,FALSE,FALSE,FALSE,FALSE,FALSE,FALSE,FALSE,TRUE,FALSE,FALSE
TBaar,NA,4,"37-11 Main St, Flushing, NY 11354",37-11 Main St,Flushing,"Bubble Tea, Juice Bars & Smoothies, Coffee & Tea",6,40.7613116,-73.8308122,"[""The weirdest thing is that I've never actually been inside TBaar. I've only ever bought from them through the little kiosk window on the outside. I love the..."", ""first time trying tbaar and I love it!! They have a huge selection of flavors which means I have more to try next time I'm in flushing!! \n\nNice quick..."", ""Pretty much a standard TBaar.  I've come to like TBaar for their iced teas with no milk.  They do a very good job with just brewing very good quality tea...""]",nyc_boba,FALSE,FALSE,TRUE,TRUE,TRUE,TRUE,FALSE,FALSE,FALSE,FALSE,FALSE,FALSE,FALSE,FALSE,FALSE,FALSE,FALSE,FALSE,FALSE,FALSE,FALSE,FALSE,FALSE,FALSE,FALSE,FALSE,FALSE,FALSE,FALSE
Black Sheep Coffee House,17184069344,5,"101-20 Astoria Blvd, Queens, NY 11369",101-20 Astoria Blvd,Queens,"Coffee & Tea, Bubble Tea, Juice Bars & Smoothies",1,40.76149881,-73.86763264,['The coffee was Great and food was delicious . My hubby and I had the Belgian waffles and cheese steak  owners were very kind. Wish their business blessings'],nyc_boba,FALSE,FALSE,FALSE,TRUE,TRUE,TRUE,FALSE,FALSE,FALSE,FALSE,FALSE,FALSE,FALSE,FALSE,FALSE,FALSE,FALSE,FALSE,FALSE,FALSE,FALSE,FALSE,FALSE,FALSE,FALSE,FALSE,FALSE,FALSE,FALSE
Kung Fu Tea,19294620010,3.5,"86-12 Justice Ave, Elmhurst, NY 11373",86-12 Justice Ave,Elmhurst,"Coffee & Tea, Bubble Tea, Juice Bars & Smoothies",145,40.7375709,-73.8767088,"[""I've been to other locations of Kung Fu Tea as well. They are a very solid bubble tea chain and one of the best in NYC. This particular location is very..."", 'Love their taro with jasmine green tea, also their taro with lychee jelly - perfect texture, just hard enough, not mushy. \n\nThey have a small snack menu...', ""As usual let's open with a KFT rap:\n\nI don't like beans in my drinks, not even MUNG FU\nIf you brought the tea, it's already been BRUNG FU\nIf you're...""]",nyc_boba,FALSE,FALSE,TRUE,TRUE,TRUE,TRUE,FALSE,FALSE,FALSE,FALSE,FALSE,FALSE,FALSE,FALSE,FALSE,FALSE,FALSE,FALSE,FALSE,FALSE,FALSE,FALSE,FALSE,FALSE,FALSE,FALSE,FALSE,FALSE,FALSE
Teaporation,NA,4,"37-64 90th St, Queens, NY 11372",37-64 90th St,Queens,Bubble Tea,4,40.74873059,-73.87676854,"['i was very excited to discover a new bubble tea place opened in the neighborhood while grocery shopping (key food is unhelpfully right next door - pretty...', 'Im sorry this is my first time trying out the tea via UberEats...ordered Oolong tea and strawberry tea, only two sips ... I had to throw it away cause it s...', 'Absolutely the best bubble tea in queens. Cute place for a quick get together.  Store is clean and inviting.  Freshly made tea with many topping options. No...']",nyc_boba,TRUE,FALSE,FALSE,TRUE,FALSE,FALSE,FALSE,FALSE,FALSE,FALSE,FALSE,FALSE,FALSE,FALSE,FALSE,FALSE,FALSE,FALSE,FALSE,FALSE,FALSE,FALSE,FALSE,FALSE,FALSE,FALSE,FALSE,FALSE,FALSE
TBaar,NA,5,"96-3 37th Ave, Corona, NY 11368",96-3 37th Ave,Corona,"Bubble Tea, Juice Bars & Smoothies",2,40.75171509,-73.87063634,"['1. Excellent location \n2. Super fast service \n3. Reasonably priced \n4. Wide variety for items \n5. Delicious end products \n\nHighly recommended.', 'This place have been open since jan. 2019 but I didnt realize it till today, since I didnt see a business sign. This place is runned by a couple and we had...']",nyc_boba,FALSE,FALSE,TRUE,TRUE,FALSE,TRUE,FALSE,FALSE,FALSE,FALSE,FALSE,FALSE,FALSE,FALSE,FALSE,FALSE,FALSE,FALSE,FALSE,FALSE,FALSE,FALSE,FALSE,FALSE,FALSE,FALSE,FALSE,FALSE,FALSE
Gong Cha,NA,4.5,"88-01 Queens Blvd, Queens, NY 11375",88-01 Queens Blvd,Queens,Bubble Tea,3,40.7350841,-73.8745297,"[""Haven't been here in a while and since they gave me a coupon I decided to treat myself. Ordered a medium strawberry green tea with coconut jelly. Not sure..."", 'My co worker and I usually have Friday night dinner together but today we switched it up and had Friday night Gong Cha, I got the lychee oolong tea which of...', ""I'm so happy they opened a gong cha closer to me. The closest one was at the mall so this location is even closer haha. Got my usual taro slush with 30%...""]",nyc_boba,TRUE,FALSE,TRUE,TRUE,FALSE,FALSE,FALSE,FALSE,FALSE,FALSE,FALSE,FALSE,FALSE,FALSE,FALSE,FALSE,FALSE,FALSE,FALSE,FALSE,FALSE,FALSE,FALSE,FALSE,FALSE,FALSE,FALSE,FALSE,FALSE
Tbaar,NA,3.5,"135-52 Roosevelt Ave, Flushing, NY 11354",135-52 Roosevelt Ave,Flushing,Bubble Tea,2,40.759357,-73.830396,"['Pretty average boba tea place. Nothing particularly special, but also no huge complaints from me.', ""I think this is the Tbaar that I've been to all the time for drinks!!! My daughter absolutely loves their strawberry smoothie!! In fact, she's like totally...""]",nyc_boba,FALSE,FALSE,FALSE,TRUE,FALSE,FALSE,FALSE,FALSE,FALSE,FALSE,FALSE,FALSE,FALSE,FALSE,FALSE,FALSE,FALSE,FALSE,FALSE,FALSE,FALSE,FALSE,FALSE,FALSE,FALSE,FALSE,FALSE,FALSE,FALSE
One Nice Tea,17187990028,2.5,"37-12 Main St, Flushing, NY 11354",37-12 Main St,Flushing,Bubble Tea,3,40.76097,-73.83147,"['Decent drinks but boba was beyond terrible, tasted few days old with no chew or sustenance. I could not be bothered to drink the boba and chew it, so I...', ""Got two milk based drinks. Both were lightly sweet. I usually don't like sweet drinks; but I was surprised at how fast I drank it all without..."", 'I decided to try One Nice Tea one night due to a promotion I found via an app. I have never heard of this brand before but was intrigued by their website...']",nyc_boba,TRUE,FALSE,FALSE,TRUE,FALSE,FALSE,FALSE,FALSE,FALSE,FALSE,FALSE,FALSE,FALSE,FALSE,FALSE,FALSE,FALSE,FALSE,FALSE,FALSE,FALSE,FALSE,FALSE,FALSE,FALSE,FALSE,FALSE,FALSE,FALSE
Max Bakery,13478327745,4.5,"37-63 90th St, Jackson Heights, NY 11372",37-63 90th St,Jackson Heights,"Coffee & Tea, Bakeries, Bubble Tea",20,40.74945719,-73.87643145,"[""I'd highly recommend their fish sandwiches from here! They're often displayed on a tray up front and it's usually the first thing you'd see upon walking in..."", ""Posting an updated review. Come here often to Max Bakery for it is a family favorite. Reasons why? \n-it's near the train station. Grab your bun and go up..."", ""This place rules. Really cheap, affordable baked goods--between $1.50-$2 for the most part, and after 5pm most of the baked goods are $1. They're all cute...""]",nyc_boba,TRUE,TRUE,FALSE,TRUE,TRUE,FALSE,FALSE,FALSE,FALSE,FALSE,FALSE,FALSE,FALSE,FALSE,FALSE,TRUE,FALSE,FALSE,FALSE,FALSE,FALSE,FALSE,FALSE,FALSE,FALSE,FALSE,FALSE,FALSE,FALSE
Grand Asia Market,9.19E+09,3.9,"1253 Buck Jones Rd, Raleigh, NC 27606",NA,Raleigh,"Bakeries, Chinese, International Grocery",306,35.76585979,78.73997311,"My opinions, and experiences 
* I love it when everything in this store is stocked, and organized.
* I loved their hotdogs in their bakery.
* I love the...",raleigh_boba,TRUE,TRUE,FALSE,FALSE,FALSE,FALSE,FALSE,FALSE,FALSE,FALSE,FALSE,FALSE,FALSE,FALSE,FALSE,TRUE,FALSE,FALSE,FALSE,FALSE,FALSE,FALSE,FALSE,FALSE,FALSE,FALSE,FALSE,TRUE,TRUE
Tea Hill,9849994580,4.4,"318 W Franklin St, Chapel Hill, NC 27516",NA,Chapel Hill,"Bubble Tea, Coffee & Tea",14,35.91162,79.06072,The place is SO cute! Workers are also really nice. This is my go to place for boba on Franklin street. They are very aware when you ask for less ice/less...,raleigh_boba,TRUE,FALSE,FALSE,TRUE,TRUE,FALSE,FALSE,FALSE,FALSE,FALSE,FALSE,FALSE,FALSE,FALSE,FALSE,FALSE,FALSE,FALSE,FALSE,FALSE,FALSE,FALSE,FALSE,FALSE,FALSE,FALSE,FALSE,FALSE,FALSE
Bumble Tea,9198968114,4.2,"3221 Avent Ferry Rd, Raleigh, NC 27606",NA,Raleigh,"Coffee & Tea, Ice Cream & Frozen Yogurt, Juice Bars & Smoothies",182,35.76768229,78.69579098,"Was here for an event they hosted. Super cute space and amazing teas! Got the fresh pressed sugar cane tea. 

Super nice",raleigh_boba,TRUE,FALSE,FALSE,FALSE,TRUE,TRUE,FALSE,FALSE,FALSE,TRUE,FALSE,FALSE,FALSE,FALSE,FALSE,FALSE,FALSE,FALSE,FALSE,FALSE,FALSE,FALSE,FALSE,FALSE,FALSE,FALSE,FALSE,FALSE,FALSE